distance_km,power_db,event_label,trace_id
0.0,-0.005838960501985022,0,0
0.005001250312578144,-0.01904532982479233,0,0
0.010002500625156289,0.06326918096987233,0,0
0.015003750937734433,-0.0187701783345384,0,0
0.020005001250312578,0.0025878024230709213,0,0
0.02500625156289072,-0.0585693201876905,0,0
0.030007501875468866,0.005969861492488747,0,0
0.03500875218804701,-0.004806837179341807,0,0
0.040010002500625155,0.05663093518234451,0,0
0.0450112528132033,-0.04403624072912045,0,0
0.05001250312578144,-0.08171809836729817,0,0
0.05501375343835959,-0.043391560546692715,0,0
0.06001500375093773,-0.036444004609341996,0,0
0.06501625406351588,-0.056667044696268515,0,0
0.07001750437609403,0.004338313914049681,0,0
0.07501875468867217,0.0025010214040303794,0,0
0.08002000500125031,-0.038800059079608845,0,0
0.08502125531382845,-0.005812254613715895,0,0
0.0900225056264066,-0.02812529485202972,0,0
0.09502375593898474,-0.01526151227617996,0,0
0.10002500625156288,-0.03144033295030856,0,0
0.10502625656414104,0.01359560323255845,0,0
0.11002750687671918,-0.029472581765487303,0,0
0.11502875718929732,-0.01840614051892345,0,0
0.12003000750187547,0.00035583009264205864,0,0
0.12503125781445362,-0.030813953575950678,0,0
0.13003250812703177,-0.027846510775817252,0,0
0.1350337584396099,0.02489269782371332,0,0
0.14003500875218805,-0.0021832881582386846,0,0
0.1450362590647662,-0.0065615891295016555,0,0
0.15003750937734434,-0.042053402574333,0,0
0.15503875968992248,0.0032276943927204323,0,0
0.16004001000250062,-0.004477114239353135,0,0
0.16504126031507876,-0.02094958183186942,0,0
0.1700425106276569,-0.019749046725198192,0,0
0.17504376094023505,-0.040295103892982194,0,0
0.1800450112528132,0.015254906561372163,0,0
0.18504626156539133,-0.06046432060079263,0,0
0.19004751187796948,-0.014829001374207344,0,0
0.19504876219054762,-0.05554143423711466,0,0
0.20005001250312576,-0.05791829365483227,0,0
0.20505126281570393,-0.039841271731699074,0,0
0.21005251312828208,-0.02713123800919951,0,0
0.21505376344086022,-0.021642667108656973,0,0
0.22005501375343836,-0.04468831142902018,0,0
0.2250562640660165,-0.0467057752889081,0,0
0.23005751437859465,0.010600805526070393,0,0
0.2350587646911728,-0.07057662260397361,0,0
0.24006001500375093,-0.05228561846029193,0,0
0.24506126531632907,-0.028340971703399068,0,0
0.25006251562890724,-0.05615894502589684,0,0
0.2550637659414854,-0.02879558322483902,0,0
0.26006501625406353,-0.09198707206644957,0,0
0.2650662665666417,-0.053637522558544044,0,0
0.2700675168792198,-0.07356813031870964,0,0
0.27506876719179796,-0.038158279467644,0,0
0.2800700175043761,-0.07091911048662211,0,0
0.28507126781695424,-0.014261833611692677,0,0
0.2900725181295324,-0.055942001825919484,0,0
0.29507376844211053,-0.025771305193642572,0,0
0.30007501875468867,-0.051011065596024856,0,0
0.3050762690672668,-0.0051844642519206854,0,0
0.31007751937984496,-0.07676083420329019,0,0
0.3150787696924231,-0.08881317203940259,0,0
0.32008002000500124,-0.04858462553451072,0,0
0.3250812703175794,-0.11009607046061826,0,0
0.3300825206301575,-0.08050230456559199,0,0
0.33508377094273567,-0.0905017282451678,0,0
0.3400850212553138,-0.07538132784834042,0,0
0.34508627156789196,-0.08386791638952508,0,0
0.3500875218804701,-0.11860148633516304,0,0
0.35508877219304824,-0.10785414275649742,0,0
0.3600900225056264,-0.054561721612805286,0,0
0.3650912728182045,-0.042257905356175074,0,0
0.37009252313078267,-0.10550280189888697,0,0
0.3750937734433608,-0.07985435094214402,0,0
0.38009502375593895,-0.052506118668678645,0,0
0.3850962740685171,-0.0675910589946054,0,0
0.39009752438109524,-0.02938822057985644,0,0
0.3950987746936734,-0.04375927401979878,0,0
0.4001000250062515,-0.1186311854043072,0,0
0.4051012753188297,-0.053803152617295895,0,0
0.41010252563140787,-0.06582835093339844,0,0
0.415103775943986,-0.06414652978809551,0,0
0.42010502625656415,-0.04437916979246175,0,0
0.4251062765691423,-0.045854876223492644,0,0
0.43010752688172044,-0.07235877058032457,0,0
0.4351087771942986,-0.08827340673237712,0,0
0.4401100275068767,-0.09285768357281055,0,0
0.44511127781945486,-0.0705798239065759,0,0
0.450112528132033,-0.08750621427325843,0,0
0.45511377844461115,-0.047524061046520606,0,0
0.4601150287571893,-0.08188337400273069,0,0
0.46511627906976744,-0.10433661937365282,0,0
0.4701175293823456,-0.10218233288580131,0,0
0.4751187796949237,-0.05596915018562849,0,0
0.48012003000750186,-0.053899731642167534,0,0
0.48512128032008,-0.13200771283903828,0,0
0.49012253063265815,-0.15936950953453283,0,0
0.4951237809452363,-0.07804809100204578,0,0
0.5001250312578145,-0.10627512719358419,0,0
0.5051262815703926,-0.12224266598195513,0,0
0.5101275318829708,-0.14585296227013567,0,0
0.5151287821955489,-0.08658366210674247,0,0
0.5201300325081271,-0.0947269351881436,0,0
0.5251312828207052,-0.08851100045809941,0,0
0.5301325331332833,-0.157545457558466,0,0
0.5351337834458615,-0.09317605282474242,0,0
0.5401350337584396,-0.1155258100485048,0,0
0.5451362840710178,-0.10970613730803806,0,0
0.5501375343835959,-0.13087622911649602,0,0
0.5551387846961741,-0.17355125724521736,0,0
0.5601400350087522,-0.10338424543860873,0,0
0.5651412853213303,-0.11391231835172315,0,0
0.5701425356339085,-0.10898512378656476,0,0
0.5751437859464866,-0.08102621397860502,0,0
0.5801450362590648,-0.1187432341366858,0,0
0.5851462865716429,-0.14442529695162032,0,0
0.5901475368842211,-0.11451756119742625,0,0
0.5951487871967992,-0.10690309650246264,0,0
0.6001500375093773,-0.11770817327045716,0,0
0.6051512878219555,-0.11196884240845899,0,0
0.6101525381345336,-0.11845456436019688,0,0
0.6151537884471118,-0.11555687336692268,0,0
0.6201550387596899,-0.15584639310156928,0,0
0.6251562890722681,-0.13366452393667047,0,0
0.6301575393848462,-0.12250813833134284,0,0
0.6351587896974243,-0.13094731189662034,0,0
0.6401600400100025,-0.13875361163116723,0,0
0.6451612903225806,-0.11663638543394073,0,0
0.6501625406351588,-0.1839574866197576,0,0
0.6551637909477369,-0.1559039979030382,0,0
0.660165041260315,-0.09145962582764347,0,0
0.6651662915728932,-0.15281498388509934,0,0
0.6701675418854713,-0.12035762467747169,0,0
0.6751687921980495,-0.12697120366615566,0,0
0.6801700425106276,-0.15435743617662992,0,0
0.6851712928232058,-0.11075614345348278,0,0
0.6901725431357839,-0.12792862387194365,0,0
0.695173793448362,-0.14231678690483548,0,0
0.7001750437609402,-0.10753188027447855,0,0
0.7051762940735183,-0.1294183847527302,0,0
0.7101775443860965,-0.1521675313061068,0,0
0.7151787946986746,-0.15499167641343656,0,0
0.7201800450112528,-0.06340288306056077,0,0
0.7251812953238309,-0.09021303645418183,0,0
0.730182545636409,-0.13092165012630264,0,0
0.7351837959489872,-0.19989073207186014,0,0
0.7401850462615653,-0.14185500806682358,0,0
0.7451862965741435,-0.17848663116272714,0,0
0.7501875468867216,-0.11859291889427251,0,0
0.7551887971992998,-0.13354398941147377,0,0
0.7601900475118779,-0.14129856580580089,0,0
0.765191297824456,-0.11168695641190515,0,0
0.7701925481370342,-0.19921709397473497,0,0
0.7751937984496123,-0.11509430587496661,0,0
0.7801950487621905,-0.14176913379822234,0,0
0.7851962990747686,-0.18255165321567277,0,0
0.7901975493873468,-0.12775577381309444,0,0
0.7951987996999249,-0.1367651965045188,0,0
0.800200050012503,-0.12717381745570316,0,0
0.8052013003250813,-0.15421192646075593,0,0
0.8102025506376594,-0.16803146220104748,0,0
0.8152038009502376,-0.17355511436902785,0,0
0.8202050512628157,-0.10601572116959275,0,0
0.8252063015753939,-0.14415346632660897,0,0
0.830207551887972,-0.15054561653117396,0,0
0.8352088022005502,-0.17907783342730416,0,0
0.8402100525131283,-0.13625417574292917,0,0
0.8452113028257064,-0.13370089832725637,0,0
0.8502125531382846,-0.22362992093375486,0,0
0.8552138034508627,-0.12366012879131442,0,0
0.8602150537634409,-0.25145520771770846,0,0
0.865216304076019,-0.1933159573763302,0,0
0.8702175543885972,-0.19404700588674545,0,0
0.8752188047011753,-0.13747684459924023,0,0
0.8802200550137534,-0.14538339943036707,0,0
0.8852213053263316,-0.19085410893906213,0,0
0.8902225556389097,-0.15297865449015513,0,0
0.8952238059514879,-0.18979612275836108,0,0
0.900225056264066,-0.17845586462604482,0,0
0.9052263065766442,-0.24322801133594998,0,0
0.9102275568892223,-0.1566725081381556,0,0
0.9152288072018004,-0.20495943831388538,0,0
0.9202300575143786,-0.16687940881864674,0,0
0.9252313078269567,-0.1577433779682674,0,0
0.9302325581395349,-0.19692765359878026,0,0
0.935233808452113,-0.22326983548304571,0,0
0.9402350587646912,-0.18049785145100405,0,0
0.9452363090772693,-0.15047889696446928,0,0
0.9502375593898474,-0.16766120232219886,0,0
0.9552388097024256,-0.1942995542946083,0,0
0.9602400600150037,-0.15859467670086955,0,0
0.9652413103275819,-0.19646992774946168,0,0
0.97024256064016,-0.19193883484033725,0,0
0.9752438109527382,-0.17776722126336958,0,0
0.9802450612653163,-0.17624653082232503,0,0
0.9852463115778944,-0.2347567271393449,0,0
0.9902475618904726,-0.17977806483558398,0,0
0.9952488122030507,-0.18482979630569302,0,0
1.000250062515629,-0.2159483973260869,0,0
1.005251312828207,-0.2689692471649611,0,0
1.0102525631407853,-0.21508045262105457,0,0
1.0152538134533633,-0.15894369723818386,0,0
1.0202550637659416,-0.1301441471779896,0,0
1.0252563140785196,-0.1741013443369506,0,0
1.0302575643910978,-0.16061954169659626,0,0
1.0352588147036759,-0.1953554124988597,0,0
1.0402600650162541,-0.19419262420402733,0,0
1.0452613153288322,-0.18972924516447626,0,0
1.0502625656414104,-0.23754910313270894,0,0
1.0552638159539884,-0.20446706384864313,0,0
1.0602650662665667,-0.1949146502428218,0,0
1.0652663165791447,-0.20400387752575985,0,0
1.070267566891723,-0.2034039109585526,0,0
1.075268817204301,-0.2137858201233559,0,0
1.0802700675168793,-0.21562238977997628,0,0
1.0852713178294573,-0.20103617164674437,0,0
1.0902725681420355,-0.21751310810549312,0,0
1.0952738184546136,-0.19219853671158776,0,0
1.1002750687671918,-0.20089458817125155,0,0
1.1052763190797699,-0.240198715213756,0,0
1.1102775693923481,-0.19878212122906572,0,0
1.1152788197049261,-0.20731177975196444,0,0
1.1202800700175044,-0.2381429342036912,0,0
1.1252813203300824,-0.22829172375002704,0,0
1.1302825706426607,-0.19938776726174887,0,0
1.1352838209552387,-0.260125255632975,0,0
1.140285071267817,-0.1989521871368613,0,0
1.145286321580395,-0.1805612780936379,0,0
1.1502875718929733,-0.23567460456035033,0,0
1.1552888222055513,-0.1860006450150419,0,0
1.1602900725181295,-0.21742561271696795,0,0
1.1652913228307076,-0.22945544212663738,0,0
1.1702925731432858,-0.20762935613759556,0,0
1.1752938234558639,-0.23404439986505887,0,0
1.1802950737684421,-0.23136862078497974,0,0
1.1852963240810201,-0.2839339456086979,0,0
1.1902975743935984,-0.1940120954930198,0,0
1.1952988247061764,-0.25961973415386375,0,0
1.2003000750187547,-0.2594221422271772,0,0
1.2053013253313327,-0.21956884898135393,0,0
1.210302575643911,-0.23906032133141442,0,0
1.215303825956489,-0.25984290745939775,0,0
1.2203050762690673,-0.23111165020780164,0,0
1.2253063265816453,-0.25245368485156855,0,0
1.2303075768942235,-0.24240909109572087,0,0
1.2353088272068016,-0.23692747485434582,0,0
1.2403100775193798,-0.24372304160151653,0,0
1.2453113278319579,-0.293393103194331,0,0
1.2503125781445361,-0.23138261243845032,0,0
1.2553138284571141,-0.25731704756274704,0,0
1.2603150787696924,-0.23227783019600862,0,0
1.2653163290822704,-0.26501457001442974,0,0
1.2703175793948487,-0.25215629469417045,0,0
1.2753188297074267,-0.2177552216008034,0,0
1.280320080020005,-0.2908562679490901,0,0
1.2853213303325832,-0.2962420356649737,0,0
1.2903225806451613,-0.26580367376563846,0,0
1.2953238309577395,-0.24537582820409184,0,0
1.3003250812703175,-0.24893373866464857,0,0
1.3053263315828958,-0.2355344828899494,0,0
1.3103275818954738,-0.2612160113984892,0,0
1.315328832208052,-0.2235583451420426,0,0
1.32033008252063,-0.2889792793603237,0,0
1.3253313328332084,-0.24899708905766513,0,0
1.3303325831457864,-0.21687182102457384,0,0
1.3353338334583646,-0.25094515139506035,0,0
1.3403350837709427,-0.2881180963334607,0,0
1.345336334083521,-0.25725961532128594,0,0
1.350337584396099,-0.2842529018811911,0,0
1.3553388347086772,-0.2755382943769885,0,0
1.3603400850212553,-0.2877247184502183,0,0
1.3653413353338335,-0.2935507239738035,0,0
1.3703425856464115,-0.3109022080804472,0,0
1.3753438359589898,-0.23104858273334863,0,0
1.3803450862715678,-0.23520329871019388,0,0
1.385346336584146,-0.28236727670264866,0,0
1.390347586896724,-0.3250267765319497,0,0
1.3953488372093024,-0.24491591021760656,0,0
1.4003500875218804,-0.3219526692606003,0,0
1.4053513378344586,-0.2875309308465962,0,0
1.4103525881470367,-0.256082965614768,0,0
1.415353838459615,-0.2882688793410446,0,0
1.420355088772193,-0.2388411976974944,0,0
1.4253563390847712,-0.28445267990471795,0,0
1.4303575893973492,-0.2886975636749729,0,0
1.4353588397099275,-0.28495367438879843,0,0
1.4403600900225055,-0.2685238768120039,0,0
1.4453613403350838,-0.29939586259319584,0,0
1.4503625906476618,-0.3145065646998755,0,0
1.45536384096024,-0.310560826705633,0,0
1.460365091272818,-0.28827692068624994,0,0
1.4653663415853964,-0.31724471567023904,0,0
1.4703675918979744,-0.34196515566291347,0,0
1.4753688422105526,-0.2811490160566433,0,0
1.4803700925231307,-0.267423132893216,0,0
1.485371342835709,-0.306050541848102,0,0
1.490372593148287,-0.287687187610617,0,0
1.4953738434608652,-0.29841984915623165,0,0
1.5003750937734432,-0.30083276919675883,0,0
1.5053763440860215,-0.3277479304668529,0,0
1.5103775943985995,-0.31327397624745307,0,0
1.5153788447111778,-0.3051310849011636,0,0
1.5203800950237558,-0.2922117662523798,0,0
1.525381345336334,-0.3015479307629609,0,0
1.530382595648912,-0.2283964579757058,0,0
1.5353838459614904,-0.299490297411607,0,0
1.5403850962740684,-0.25599185992843915,0,0
1.5453863465866466,-0.26422952319566945,0,0
1.5503875968992247,-0.32412035227213154,0,0
1.555388847211803,-0.33458210433308966,0,0
1.560390097524381,-0.25337457458331164,0,0
1.5653913478369592,-0.3439989639754357,0,0
1.5703925981495372,-0.34730805066518033,0,0
1.5753938484621155,-0.27627574560365104,0,0
1.5803950987746935,-0.30687501232091324,0,0
1.5853963490872718,-0.2994079543085918,0,0
1.5903975993998498,-0.30852049194723785,0,0
1.595398849712428,-0.3299209184667707,0,0
1.600400100025006,-0.3428429494888906,0,0
1.6054013503375844,-0.2739443283640613,0,0
1.6104026006501626,-0.29455414637485544,0,0
1.6154038509627406,-0.2935629158548991,0,0
1.620405101275319,-0.36179070483348363,0,0
1.625406351587897,-0.3159189357867621,0,0
1.6304076019004752,-0.31386898163030025,0,0
1.6354088522130532,-0.29298815391500677,0,0
1.6404101025256315,-0.28927070754476414,0,0
1.6454113528382095,-0.3339569232334184,0,0
1.6504126031507877,-0.3199566546209554,0,0
1.6554138534633658,-0.3119730774350784,0,0
1.660415103775944,-0.2961515939375156,0,0
1.665416354088522,-0.3299031174519291,0,0
1.6704176044011003,-0.3860815937211911,0,0
1.6754188547136784,-0.2969034219577363,0,0
1.6804201050262566,-0.3685832223644749,0,0
1.6854213553388346,-0.35373066835669276,0,0
1.690422605651413,-0.3161189396827072,0,0
1.695423855963991,-0.3181051022667031,0,0
1.7004251062765692,-0.24183738995958698,0,0
1.7054263565891472,-0.3228126282409689,0,0
1.7104276069017255,-0.2792079096737538,0,0
1.7154288572143035,-0.3485181251673471,0,0
1.7204301075268817,-0.29825909488338004,0,0
1.7254313578394598,-0.35933052982170693,0,0
1.730432608152038,-0.3146508936291361,0,0
1.735433858464616,-0.3760033053241716,0,0
1.7404351087771943,-0.366456596987267,0,0
1.7454363590897723,-0.35628259579840915,0,0
1.7504376094023506,-0.35052950605876526,0,0
1.7554388597149286,-0.38888425514295066,0,0
1.7604401100275069,-0.3803767467468502,0,0
1.765441360340085,-0.3392496258327711,0,0
1.7704426106526632,-0.3226793328017204,0,0
1.7754438609652412,-0.3762281800554515,0,0
1.7804451112778195,-0.29759375343028394,0,0
1.7854463615903975,-0.335856858316759,0,0
1.7904476119029757,-0.33950910828461367,0,0
1.7954488622155538,-0.3610663815007395,0,0
1.800450112528132,-0.31684300105885344,0,0
1.80545136284071,-0.3524263097226938,0,0
1.8104526131532883,-0.39576118670379457,0,0
1.8154538634658663,-0.2929650539989511,0,0
1.8204551137784446,-0.3315868727439065,0,0
1.8254563640910226,-0.34187809953971887,0,0
1.8304576144036009,-0.4360113862253322,0,0
1.835458864716179,-0.3754748912782557,0,0
1.8404601150287572,-0.36304988326169124,0,0
1.8454613653413352,-0.3365809282493943,0,0
1.8504626156539135,-0.34111956872177496,0,0
1.8554638659664915,-0.3780838603830587,0,0
1.8604651162790697,-0.365882241224737,0,0
1.8654663665916478,-0.42191674222290626,0,0
1.870467616904226,-0.3679834904604089,0,0
1.875468867216804,-0.38324532926485105,0,0
1.8804701175293823,-0.3656004369799195,0,0
1.8854713678419603,-0.28515355502218964,0,0
1.8904726181545386,-0.32904999111065636,0,0
1.8954738684671166,-0.33258347461857923,0,0
1.9004751187796949,-0.35035748601695094,0,0
1.905476369092273,-0.3758214639381883,0,0
1.9104776194048512,-0.3691055342790001,0,0
1.9154788697174292,-0.33016354904404654,0,0
1.9204801200300075,-0.4186558384576392,0,0
1.9254813703425857,-0.3739904964960023,0,0
1.9304826206551637,-0.3798102148955135,0,0
1.935483870967742,-0.3325012827493193,0,0
1.94048512128032,-0.34319953996641395,0,0
1.9454863715928983,-0.3996822870885149,0,0
1.9504876219054763,-0.3547515859629974,0,0
1.9554888722180546,-0.3790947245020605,0,0
1.9604901225306326,-0.3980711755732521,0,0
1.9654913728432108,-0.3834257505470303,0,0
1.9704926231557889,-0.4017344168355545,0,0
1.9754938734683671,-0.4224265011459498,0,0
1.9804951237809452,-0.440709995721001,0,0
1.9854963740935234,-0.41661700662631573,0,0
1.9904976244061015,-0.411945942071444,0,0
1.9954988747186797,-0.3772032821817763,0,0
2.000500125031258,-0.38018688176492965,0,0
2.0055013753438358,-0.41420248449665736,0,0
2.010502625656414,-0.39570463441059794,0,0
2.0155038759689923,-0.38770927557779467,0,0
2.0205051262815705,-0.36779572087928913,0,0
2.0255063765941483,-0.39641190196405024,0,0
2.0305076269067266,-0.39624959183751,0,0
2.035508877219305,-0.4381382442237064,0,0
2.040510127531883,-0.4126299043926295,0,0
2.045511377844461,-0.46768055491416816,0,0
2.050512628157039,-0.3290584820915955,0,0
2.0555138784696174,-0.3940790279122513,0,0
2.0605151287821957,-0.3603249863733668,0,0
2.0655163790947735,-0.4043402618091114,0,0
2.0705176294073517,-0.3625439095974635,0,0
2.07551887971993,-0.3962745394553677,0,0
2.0805201300325082,-0.3719474077553563,0,0
2.085521380345086,-0.3993303731389987,0,0
2.0905226306576643,-0.376314345391005,0,0
2.0955238809702426,-0.4084554663462853,0,0
2.100525131282821,-0.4222759401826878,0,0
2.1055263815953986,-0.45698660683670833,0,0
2.110527631907977,-0.37802456418013203,0,0
2.115528882220555,-0.4046760729796977,0,0
2.1205301325331334,-0.4167432114181424,0,0
2.125531382845711,-0.38637596035197824,0,0
2.1305326331582894,-0.4187895041449628,0,0
2.1355338834708677,-0.4237909172292479,0,0
2.140535133783446,-0.3803630425977413,0,0
2.1455363840960238,-0.43125927129881125,0,0
2.150537634408602,-0.4255601901744431,0,0
2.1555388847211803,-0.41392719767052183,0,0
2.1605401350337585,-0.46598065049919113,0,0
2.1655413853463363,-0.4230178113656788,0,0
2.1705426356589146,-0.4688880144559431,0,0
2.175543885971493,-0.4044187122132452,0,0
2.180545136284071,-0.43631246566194964,0,0
2.185546386596649,-0.4452006282261467,0,0
2.190547636909227,-0.4698688502721505,0,0
2.1955488872218054,-0.4188918643365715,0,0
2.2005501375343837,-0.40875995890481015,0,0
2.2055513878469615,-0.3911035784038838,0,0
2.2105526381595397,-0.4471682860837464,0,0
2.215553888472118,-0.44373401308955884,0,0
2.2205551387846962,-0.43337803726619173,0,0
2.225556389097274,-0.39251563233861003,0,0
2.2305576394098523,-0.45397439813382545,0,0
2.2355588897224306,-0.37853110145575375,0,0
2.240560140035009,-0.390393698193388,0,0
2.245561390347587,-0.3727538458479524,0,0
2.250562640660165,-0.39371118851582365,0,0
2.255563890972743,-0.3956663226118214,0,0
2.2605651412853214,-0.4335963258059261,0,0
2.2655663915978996,-0.41722858132277046,0,0
2.2705676419104774,-0.4009125014165924,0,0
2.2755688922230557,-0.3825251113837027,0,0
2.280570142535634,-0.45120731329701325,0,0
2.285571392848212,-0.4741673416901578,0,0
2.29057264316079,-0.41461765597866745,0,0
2.2955738934733683,-0.4293979449472269,0,0
2.3005751437859465,-0.48317594889694915,0,0
2.3055763940985248,-0.44520679835998916,0,0
2.3105776444111026,-0.4430964686039277,0,0
2.315578894723681,-0.4014688135565616,0,0
2.320580145036259,-0.4633468844273041,0,0
2.3255813953488373,-0.4300458982828948,0,0
2.330582645661415,-0.47200702427757757,0,0
2.3355838959739934,-0.45212302180673913,0,0
2.3405851462865717,-0.43623338640566894,0,0
2.34558639659915,-0.44441801733985486,0,0
2.3505876469117277,-0.4392270542171104,0,0
2.355588897224306,-0.4383903418568007,0,0
2.3605901475368842,-0.44000618447436646,0,0
2.3655913978494625,-0.44195821088528814,0,0
2.3705926481620403,-0.4409900849421582,0,0
2.3755938984746185,-0.40884875947515736,0,0
2.380595148787197,-0.504352715769599,0,0
2.385596399099775,-0.4567052115147879,0,0
2.390597649412353,-0.4469016806520924,0,0
2.395598899724931,-0.449847427958996,0,0
2.4006001500375094,-0.4430046702471714,0,0
2.4056014003500876,-0.42097662137554637,0,0
2.4106026506626654,-0.5167438668272517,0,0
2.4156039009752437,-0.47518659455774587,0,0
2.420605151287822,-0.44955939321363364,0,0
2.4256064016004,-0.40369188985186377,0,0
2.430607651912978,-0.47683696948579785,0,0
2.4356089022255563,-0.4650083024028392,0,0
2.4406101525381345,-0.47661482204768923,0,0
2.4456114028507128,-0.44156738052113714,0,0
2.4506126531632906,-0.5255127873959119,0,0
2.455613903475869,-0.45341937032624124,0,0
2.460615153788447,-0.4687612912469641,0,0
2.4656164041010253,-0.49482246744020253,0,0
2.470617654413603,-0.433420618391969,0,0
2.4756189047261814,-0.4592871085564328,0,0
2.4806201550387597,-0.571530120432129,0,0
2.485621405351338,-0.4692999593971728,0,0
2.4906226556639157,-0.4459301828768562,0,0
2.495623905976494,-0.4695585844918374,0,0
2.5006251562890722,-0.5145044825949302,0,0
2.5056264066016505,-0.47335703541864627,0,0
2.5106276569142283,-0.45854640032449717,0,0
2.5156289072268065,-0.482386255449309,0,0
2.520630157539385,-0.5030878824765186,0,0
2.525631407851963,-0.48984891430523125,0,0
2.530632658164541,-0.4798570406229704,0,0
2.535633908477119,-0.45272585203218363,0,0
2.5406351587896974,-0.48482663430612105,0,0
2.5456364091022756,-0.5160249090879083,0,0
2.5506376594148534,-0.5360528713173114,0,0
2.5556389097274317,-0.5157300916725038,0,0
2.56064016004001,-0.4743943905098214,0,0
2.565641410352588,-0.4790362111681472,0,0
2.5706426606651664,-0.5174370845399752,0,0
2.5756439109777443,-0.5417444106963097,0,0
2.5806451612903225,-0.4565248078690635,0,0
2.5856464116029008,-0.534873673237415,0,0
2.590647661915479,-0.5140232652108175,0,0
2.595648912228057,-0.5108659898775301,0,0
2.600650162540635,-0.4933829029742904,0,0
2.6056514128532133,-0.4646537310597445,0,0
2.6106526631657916,-0.4669472166469047,0,0
2.6156539134783694,-0.5430748318250902,0,0
2.6206551637909477,-0.49548478103274296,0,0
2.625656414103526,-0.49488587325301386,0,0
2.630657664416104,-0.5123827901100834,0,0
2.635658914728682,-0.533965430716211,0,0
2.64066016504126,-0.5313609379565112,0,0
2.6456614153538385,-0.4957428106129281,0,0
2.6506626656664167,-0.5078472004169673,0,0
2.6556639159789945,-0.5476450914982613,0,0
2.660665166291573,-0.478359213822344,0,0
2.665666416604151,-0.5294259543418519,0,0
2.6706676669167293,-0.4856765652494382,0,0
2.675668917229307,-0.531334160704101,0,0
2.6806701675418854,-0.5357162806346234,0,0
2.6856714178544636,-0.587380513489844,0,0
2.690672668167042,-0.5538620391977871,0,0
2.6956739184796197,-0.4497055457659499,0,0
2.700675168792198,-0.48791925189748175,0,0
2.705676419104776,-0.49549608764574665,0,0
2.7106776694173544,-0.5318270534578257,0,0
2.7156789197299323,-0.546483325662226,0,0
2.7206801700425105,-0.4932968462240249,0,0
2.7256814203550888,-0.513035873956468,0,0
2.730682670667667,-0.5302424058899212,0,0
2.735683920980245,-0.5489523419282234,0,0
2.740685171292823,-0.5842495450219939,0,0
2.7456864216054013,-0.5333552303639042,0,0
2.7506876719179796,-0.5444329826008857,0,0
2.7556889222305574,-0.5568768284062535,0,0
2.7606901725431356,-0.5880291398469286,0,0
2.765691422855714,-0.5011708393741074,0,0
2.770692673168292,-0.5243664910283216,0,0
2.77569392348087,-0.5588039270293387,0,0
2.780695173793448,-0.578759379085429,0,0
2.7856964241060265,-0.5173924773424275,0,0
2.7906976744186047,-0.5702133003050168,0,0
2.7956989247311825,-0.606707000907976,0,0
2.800700175043761,-0.5351679946861566,0,0
2.805701425356339,-0.5586698370830926,0,0
2.8107026756689173,-0.5777175366113596,0,0
2.815703925981495,-0.5568901734001048,0,0
2.8207051762940734,-0.5457372422458231,0,0
2.8257064266066516,-0.575205099202907,0,0
2.83070767691923,-0.5873972486789378,0,0
2.8357089272318077,-0.5649092453013858,0,0
2.840710177544386,-0.5493638389363619,0,0
2.845711427856964,-0.5282809541081183,0,0
2.8507126781695424,-0.5682536013887445,0,0
2.8557139284821202,-0.5691540380368675,0,0
2.8607151787946985,-0.627736337980031,0,0
2.8657164291072768,-0.5182714232847069,0,0
2.870717679419855,-0.5545156942857742,0,0
2.875718929732433,-0.5523545311357505,0,0
2.880720180045011,-0.5363369662644845,0,0
2.8857214303575893,-0.5506971847840606,0,0
2.8907226806701676,-0.5592754906479067,0,0
2.895723930982746,-0.622132557697261,0,0
2.9007251812953236,-0.5787198485370749,0,0
2.905726431607902,-0.5579237521144016,0,0
2.91072768192048,-0.5426116708411642,0,0
2.9157289322330584,-0.5771702950807173,0,0
2.920730182545636,-0.6082773536985157,0,0
2.9257314328582145,-0.5741043522911805,0,0
2.9307326831707927,-0.571038817736734,0,0
2.935733933483371,-0.546471941985947,0,0
2.940735183795949,-0.5454357774228911,0,0
2.945736434108527,-0.5830919268097433,0,0
2.9507376844211053,-0.5128675774806328,0,0
2.9557389347336835,-0.536945426079722,0,0
2.9607401850462614,-0.5863797123811454,0,0
2.9657414353588396,-0.6018068310518375,0,0
2.970742685671418,-0.593779075042206,0,0
2.975743935983996,-0.5547180409834039,0,0
2.980745186296574,-0.5927135266882265,0,0
2.985746436609152,-0.5720683361908573,0,0
2.9907476869217304,-0.5818670707749612,0,0
2.9957489372343087,-0.5936912631579745,0,0
3.0007501875468865,-0.5570340971601679,0,0
3.0057514378594647,-0.5664353530103984,0,0
3.010752688172043,-0.5896316693370861,0,0
3.0157539384846213,-0.555467683102469,0,0
3.020755188797199,-0.5234738593560615,0,0
3.0257564391097773,-0.596410764498517,0,0
3.0307576894223556,-0.6041225797515772,0,0
3.035758939734934,-0.5918291797987446,0,0
3.0407601900475116,-0.6273549612911833,0,0
3.04576144036009,-0.5753032407623628,0,0
3.050762690672668,-0.557722866421751,0,0
3.0557639409852464,-0.5951275240079021,0,0
3.060765191297824,-0.5945297942206412,0,0
3.0657664416104025,-0.6323188255797239,0,0
3.0707676919229807,-0.5544089670541105,0,0
3.075768942235559,-0.6321883921107598,0,0
3.0807701925481368,-0.5990117749647179,0,0
3.085771442860715,-0.5969757408300103,0,0
3.0907726931732933,-0.586149900912423,0,0
3.0957739434858715,-0.5966826296595059,0,0
3.1007751937984493,-0.6138442507228545,0,0
3.1057764441110276,-0.58745412595674,0,0
3.110777694423606,-0.6379395075296647,0,0
3.115778944736184,-0.6164865798795305,0,0
3.120780195048762,-0.6120689585802617,0,0
3.12578144536134,-0.621739629202551,0,0
3.1307826956739184,-0.5991615213919194,0,0
3.1357839459864967,-0.6288602912611986,0,0
3.1407851962990745,-0.595970804092086,0,0
3.1457864466116527,-0.5849080202648869,0,0
3.150787696924231,-0.6000788581457519,0,0
3.1557889472368092,-0.6344983039767103,0,0
3.160790197549387,-0.6101875115098759,0,0
3.1657914478619653,-0.5907522078651938,0,0
3.1707926981745436,-0.6124945267383142,0,0
3.175793948487122,-0.597691719593379,0,0
3.1807951987996996,-0.5692955667997421,0,0
3.185796449112278,-0.5680850250255123,0,0
3.190797699424856,-0.5722219531315422,0,0
3.1957989497374344,-0.5892444229470117,0,0
3.200800200050012,-0.6548381459149634,0,0
3.2058014503625905,-0.58676290990863,0,0
3.2108027006751687,-0.5924992159169178,0,0
3.215803950987747,-0.5890359763327694,0,0
3.220805201300325,-0.572882805952858,0,0
3.225806451612903,-0.6118031408507993,0,0
3.2308077019254813,-0.6134497130351164,0,0
3.2358089522380595,-0.6156681631033784,0,0
3.240810202550638,-0.6236087938101605,0,0
3.2458114528632156,-0.6969338487642165,0,0
3.250812703175794,-0.6458453225803283,0,0
3.255813953488372,-0.6149077202334857,0,0
3.2608152038009504,-0.6463723104107268,0,0
3.265816454113528,-0.6613653542985667,0,0
3.2708177044261064,-0.6457714515501363,0,0
3.2758189547386847,-0.628110155505934,0,0
3.280820205051263,-0.6587776303953392,0,0
3.2858214553638407,-0.587639169552231,0,0
3.290822705676419,-0.6503005003336927,0,0
3.2958239559889972,-0.6083415930097991,0,0
3.3008252063015755,-0.6373502092348944,0,0
3.3058264566141533,-0.614909350831087,0,0
3.3108277069267316,-0.6578981817317909,0,0
3.31582895723931,-0.6073255393611965,0,0
3.320830207551888,-0.6447799360585948,0,0
3.325831457864466,-0.6506911056645287,0,0
3.330832708177044,-0.6175461001039506,0,0
3.3358339584896224,-0.6237503069763906,0,0
3.3408352088022006,-0.6711237959622399,0,0
3.3458364591147784,-0.6791737042048988,0,0
3.3508377094273567,-0.5847657028903821,0,0
3.355838959739935,-0.6491779191705942,0,0
3.360840210052513,-0.6808550920288341,0,0
3.365841460365091,-0.6355622713518482,0,0
3.3708427106776693,-0.6443521675240843,0,0
3.3758439609902475,-0.6258678893418969,0,0
3.380845211302826,-0.6498092293995387,0,0
3.3858464616154036,-0.66261704360539,0,0
3.390847711927982,-0.6461426118558424,0,0
3.39584896224056,-0.6120893798822817,0,0
3.4008502125531384,-0.6578669857110244,0,0
3.405851462865716,-0.6641777494860326,0,0
3.4108527131782944,-0.656344420910566,0,0
3.4158539634908727,-0.6508487088945485,0,0
3.420855213803451,-0.6707409200007539,0,0
3.4258564641160287,-0.6588945502699824,0,0
3.430857714428607,-0.6840167904599838,0,0
3.4358589647411852,-0.6875899929226343,0,0
3.4408602150537635,-0.6743489094541815,0,0
3.4458614653663413,-0.632559823575674,0,0
3.4508627156789196,-0.6327310139005345,0,0
3.455863965991498,-0.6498074054942086,0,0
3.460865216304076,-0.6716239491893866,0,0
3.465866466616654,-0.669370024871359,0,0
3.470867716929232,-0.7186948812738082,0,0
3.4758689672418104,-0.6343171844684578,0,0
3.4808702175543886,-0.6955285601589346,0,0
3.4858714678669664,-0.7004686953417045,0,0
3.4908727181795447,-0.6788852211933695,0,0
3.495873968492123,-0.668414651877001,0,0
3.500875218804701,-0.677129527868506,0,0
3.505876469117279,-0.7299035374317353,0,0
3.5108777194298573,-0.6412161256121828,0,0
3.5158789697424355,-0.6896421035969058,0,0
3.5208802200550138,-0.7042823361727971,0,0
3.525881470367592,-0.6809726003310856,0,0
3.53088272068017,-0.6484056295520175,0,0
3.535883970992748,-0.6467264075509068,0,0
3.5408852213053263,-0.6685906607544493,0,0
3.5458864716179046,-0.6837202921505737,0,0
3.5508877219304824,-0.6645846053595742,0,0
3.5558889722430607,-0.6922470986413563,0,0
3.560890222555639,-0.6818352091458255,0,0
3.565891472868217,-0.715465489967744,0,0
3.570892723180795,-0.6333558595514875,0,0
3.5758939734933732,-0.7077388353300905,0,0
3.5808952238059515,-0.6915014394190558,0,0
3.5858964741185297,-0.7022692580802085,0,0
3.5908977244311076,-0.6761403956765055,0,0
3.595898974743686,-0.6919368674257246,0,0
3.600900225056264,-0.7256871320118979,0,0
3.6059014753688423,-0.725480227375876,0,0
3.61090272568142,-0.7062939321917943,0,0
3.6159039759939984,-0.6361081743906941,0,0
3.6209052263065766,-0.6303948897154706,0,0
3.625906476619155,-0.6887111704707988,0,0
3.6309077269317327,-0.7037217168980894,0,0
3.635908977244311,-0.7261138921372448,0,0
3.640910227556889,-0.701833412401261,0,0
3.6459114778694675,-0.7533450610505521,0,0
3.6509127281820453,-0.7402113440050931,0,0
3.6559139784946235,-0.7048107414949104,0,0
3.6609152288072018,-0.6811495000963589,0,0
3.66591647911978,-0.6965106437807866,0,0
3.670917729432358,-0.7327612455931464,0,0
3.675918979744936,-0.707849466827507,0,0
3.6809202300575143,-0.7243347789605932,0,0
3.6859214803700926,-0.7277728996642221,0,0
3.6909227306826704,-0.7066394172339183,0,0
3.6959239809952487,-0.7451026103115383,0,0
3.700925231307827,-0.7106905215849767,0,0
3.705926481620405,-0.7289732541818479,0,0
3.710927731932983,-0.7232400821747452,0,0
3.7159289822455612,-0.7468041723170192,0,0
3.7209302325581395,-0.6971672458369957,0,0
3.7259314828707177,-0.722637490234035,0,0
3.7309327331832955,-0.688975578689667,0,0
3.735933983495874,-0.7258867696594883,0,0
3.740935233808452,-0.7432532255953884,0,0
3.7459364841210303,-0.6877066492255857,0,0
3.750937734433608,-0.7615652711027636,0,0
3.7559389847461864,-0.7228153157683905,0,0
3.7609402350587646,-0.7490639995092409,0,0
3.765941485371343,-0.7530264163086241,0,0
3.7709427356839207,-0.6980748223412858,0,0
3.775943985996499,-0.702095028984555,0,0
3.780945236309077,-0.7270491997742183,0,0
3.7859464866216554,-0.7302671913209721,0,0
3.7909477369342333,-0.7657443955977289,0,0
3.7959489872468115,-0.7946352013923951,0,0
3.8009502375593898,-0.7525981553342164,0,0
3.805951487871968,-0.7104394381981896,0,0
3.810952738184546,-0.7120773538560436,0,0
3.815953988497124,-0.6684462340344769,0,0
3.8209552388097023,-0.7474849949972672,0,0
3.8259564891222806,-0.7443778738876132,0,0
3.8309577394348584,-0.7431229767493439,0,0
3.8359589897474367,-0.760379678283941,0,0
3.840960240060015,-0.7076449230562941,0,0
3.845961490372593,-0.7421870806719062,0,0
3.8509627406851714,-0.7556874404477517,0,0
3.8559639909977492,-0.7485444012556584,0,0
3.8609652413103275,-0.7235233428005375,0,0
3.8659664916229057,-0.7869115005576359,0,0
3.870967741935484,-0.7471529202034431,0,0
3.875968992248062,-0.760048914412084,0,0
3.88097024256064,-0.706720526549078,0,0
3.8859714928732183,-0.7394812855719362,0,0
3.8909727431857966,-0.7669553374603475,0,0
3.8959739934983744,-0.8096672472156281,0,0
3.9009752438109526,-0.7208733906859396,0,0
3.905976494123531,-0.7881899932543138,0,0
3.910977744436109,-0.7430622320780903,0,0
3.915978994748687,-0.7067783782886422,0,0
3.920980245061265,-0.7827942514146399,0,0
3.9259814953738434,-0.7244275909729202,0,0
3.9309827456864217,-0.8156688090439895,0,0
3.9359839959989995,-0.7662603781341834,0,0
3.9409852463115778,-0.7614622323144933,0,0
3.945986496624156,-0.7240832182737569,0,0
3.9509877469367343,-0.7209628171736273,0,0
3.955988997249312,-0.758497108965291,0,0
3.9609902475618903,-0.7708468414059509,0,0
3.9659914978744686,-0.7274535430651579,0,0
3.970992748187047,-0.7661324254873711,0,0
3.9759939984996246,-0.7409755883419438,0,0
3.980995248812203,-0.700307338590002,0,0
3.985996499124781,-0.77844260532082,0,0
3.9909977494373594,-0.7790959127855801,0,0
3.995998999749937,-0.7877021103768689,0,0
4.001000250062516,-0.786906629352402,0,0
4.006001500375094,-0.7346430908346835,0,0
4.0110027506876715,-0.7902814602738354,0,0
4.01600400100025,-0.7690438938230804,0,0
4.021005251312828,-0.7542801519819328,0,0
4.026006501625406,-0.8310880906457349,0,0
4.0310077519379846,-0.7092531632015893,0,0
4.036009002250562,-0.7391070022058749,0,0
4.041010252563141,-0.7653989635217099,0,0
4.046011502875719,-0.7486595661129334,0,0
4.051012753188297,-0.7764564119976719,0,0
4.056014003500875,-0.7946204514204576,0,0
4.061015253813453,-0.7713186210741414,0,0
4.066016504126031,-0.8097298648084994,0,0
4.07101775443861,-0.8010924452894526,0,0
4.0760190047511875,-0.7684237623762276,0,0
4.081020255063766,-0.7538058305272951,0,0
4.086021505376344,-0.8100598734263981,0,0
4.091022755688922,-0.7827891251910197,0,0
4.0960240060015005,-0.8314972805603121,0,0
4.101025256314078,-0.7612035182007955,0,0
4.106026506626656,-0.8220595313273485,0,0
4.111027756939235,-0.788947919387092,0,0
4.116029007251813,-0.7919228730714509,0,0
4.121030257564391,-0.7894194471836792,0,0
4.126031507876969,-0.8353231225079953,0,0
4.131032758189547,-0.817104350134375,0,0
4.136034008502126,-0.7956393269366513,0,0
4.1410352588147035,-0.7990244687993675,0,0
4.146036509127281,-0.833668349958597,0,0
4.15103775943986,-0.8257584715875332,0,0
4.156039009752438,-0.8238563753146569,0,0
4.1610402600650165,-0.7737954198643195,0,0
4.166041510377594,-0.7589148299986482,0,0
4.171042760690172,-0.8533219958153038,0,0
4.176044011002751,-0.8259785497803523,0,0
4.181045261315329,-0.8398458071292308,0,0
4.186046511627907,-0.7691912595421053,0,0
4.191047761940485,-0.8285113229253325,0,0
4.196049012253063,-0.7529984606548276,0,0
4.201050262565642,-0.8115784643660836,0,0
4.206051512878219,-0.7982867695350043,0,0
4.211052763190797,-0.7925707221784005,0,0
4.216054013503376,-0.7928499793667223,0,0
4.221055263815954,-0.8238499144420535,0,0
4.2260565141285324,-0.7363614876176432,0,0
4.23105776444111,-0.8134884514912551,0,0
4.236059014753688,-0.8327886798414523,0,0
4.241060265066267,-0.8078470718081584,0,0
4.246061515378845,-0.7972017750094792,0,0
4.251062765691422,-0.7907532157634071,0,0
4.256064016004001,-0.871392384517962,0,0
4.261065266316579,-0.8376277361991664,0,0
4.266066516629158,-0.859461554342549,0,0
4.271067766941735,-0.7909029881819967,0,0
4.276069017254313,-0.7917037717973692,0,0
4.281070267566892,-0.8052264345739422,0,0
4.28607151787947,-0.8594762202909931,0,0
4.2910727681920475,-0.8253027622794686,0,0
4.296074018504626,-0.8461862232154819,0,0
4.301075268817204,-0.8714681668528091,0,0
4.306076519129783,-0.85590875190802,0,0
4.3110777694423605,-0.8043302652078484,0,0
4.316079019754938,-0.8243990711938548,0,0
4.321080270067517,-0.7918893463669455,0,0
4.326081520380095,-0.8178264751315605,0,0
4.331082770692673,-0.7922082838948538,0,0
4.336084021005251,-0.8077320966252042,0,0
4.341085271317829,-0.837205842722136,0,0
4.346086521630408,-0.8104009791431164,0,0
4.351087771942986,-0.8298896938083329,0,0
4.3560890222555635,-0.8522844242365006,0,0
4.361090272568142,-0.8190459068989459,0,0
4.36609152288072,-0.8080440063863346,0,0
4.371092773193298,-0.8881199397348061,0,0
4.3760940235058765,-0.8018364082169324,0,0
4.381095273818454,-0.8279973035015505,0,0
4.386096524131033,-0.7490989347683082,0,0
4.391097774443611,-0.8639275434542909,0,0
4.396099024756189,-0.8254437022791866,0,0
4.401100275068767,-0.8457594435230988,0,0
4.406101525381345,-0.9025908335486402,0,0
4.411102775693923,-0.8377628142567317,0,0
4.416104026006502,-0.8155072804164287,0,0
4.4211052763190795,-0.8712796124884788,0,0
4.426106526631658,-0.8744508829761797,0,0
4.431107776944236,-0.8797309976690756,0,0
4.436109027256814,-0.8649586391632443,0,0
4.4411102775693925,-0.8750563353661028,0,0
4.44611152788197,-0.8708118580165083,0,0
4.451112778194548,-0.8263447851305851,0,0
4.456114028507127,-0.7610203571217546,0,0
4.461115278819705,-0.8824283846775235,0,0
4.466116529132283,-0.8296432256161727,0,0
4.471117779444861,-0.8495877772396286,0,0
4.476119029757439,-0.8316351996844262,0,0
4.481120280070018,-0.8428243885052303,0,0
4.486121530382595,-0.8040429320400817,0,0
4.491122780695174,-0.8373543934950061,0,0
4.496124031007752,-0.8058533958327797,0,0
4.50112528132033,-0.8709559944683052,0,0
4.506126531632908,-0.924622264052426,0,0
4.511127781945486,-0.8694591921671537,0,0
4.516129032258064,-0.8949967354276538,0,0
4.521130282570643,-0.8599409079847858,0,0
4.526131532883221,-0.8961607069648679,0,0
4.531132783195799,-0.8992443924813314,0,0
4.536134033508377,-0.8966872607615618,0,0
4.541135283820955,-0.8845550536470352,0,0
4.546136534133534,-0.8955191967287299,0,0
4.551137784446111,-0.847371866626958,0,0
4.556139034758689,-0.9334259247530358,0,0
4.561140285071268,-0.8162963371620133,0,0
4.566141535383846,-0.8779166364815341,0,0
4.571142785696424,-0.8440749700171076,0,0
4.576144036009002,-0.8770407564675355,0,0
4.58114528632158,-0.975649716479759,0,0
4.586146536634159,-0.8850703046542265,0,0
4.5911477869467365,-0.8355071585938773,0,0
4.596149037259314,-0.9212328422817206,0,0
4.601150287571893,-0.9008181124146879,0,0
4.606151537884471,-0.855986455415513,0,0
4.6111527881970495,-0.9064529661299505,0,0
4.616154038509627,-0.9104031572438632,0,0
4.621155288822205,-0.9266303701232017,0,0
4.626156539134784,-0.883412690801739,0,0
4.631157789447362,-0.8839874143437655,0,0
4.6361590397599395,-0.8526286322576075,0,0
4.641160290072518,-0.8738015752217613,0,0
4.646161540385096,-0.8303006798555684,0,0
4.651162790697675,-0.8953996130292462,0,0
4.6561640410102525,-0.9259290637005642,0,0
4.66116529132283,-0.9235056246876934,0,0
4.666166541635409,-0.9259583164614409,0,0
4.671167791947987,-0.9156018751683046,0,0
4.676169042260565,-0.935748866583221,0,0
4.681170292573143,-0.8724554954564459,0,0
4.686171542885721,-0.8564667295652465,0,0
4.6911727931983,-0.8678800425959646,0,0
4.696174043510878,-0.8285032312350579,0,0
4.7011752938234554,-0.8728825299974856,0,0
4.706176544136034,-0.9112798072150551,0,0
4.711177794448612,-0.8903085704537598,0,0
4.71617904476119,-0.9278604338282291,0,0
4.7211802950737685,-0.8779119531645249,0,0
4.726181545386346,-0.9458655255876952,0,0
4.731182795698925,-0.8583906399674681,0,0
4.736184046011503,-0.8518939159416661,0,0
4.741185296324081,-0.9629356434456716,0,0
4.746186546636659,-0.9128955413672727,0,0
4.751187796949237,-0.92585857460299,0,0
4.756189047261815,-0.8880559142614782,0,0
4.761190297574394,-0.9275832174820184,0,0
4.766191547886971,-0.9246951305657213,0,0
4.77119279819955,-0.9401193154876313,0,0
4.776194048512128,-0.9131606675320973,0,0
4.781195298824706,-0.9767223127578708,0,0
4.786196549137284,-0.9363238917628941,0,0
4.791197799449862,-0.8997363060206154,0,0
4.79619904976244,-0.8640270587314195,0,0
4.801200300075019,-0.9726763047357544,0,0
4.8062015503875966,-0.9490389914909783,0,0
4.811202800700175,-0.9299962983907005,0,0
4.816204051012753,-0.90117257387022,0,0
4.821205301325331,-0.917218118463405,0,0
4.82620655163791,-0.9044300801653193,0,0
4.831207801950487,-0.9467121560423674,0,0
4.836209052263066,-0.9097679950393597,0,0
4.841210302575644,-0.9409072504626653,0,0
4.846211552888222,-0.9046710669535001,0,0
4.8512128032008,-0.9049961636853738,0,0
4.856214053513378,-0.9474602773138578,0,0
4.861215303825956,-0.9294068924161898,0,0
4.866216554138535,-0.9122167320968517,0,0
4.8712178044511125,-0.9390774173078977,0,0
4.876219054763691,-0.9432182280708312,0,0
4.881220305076269,-0.9351222427891036,0,0
4.886221555388847,-0.9200380385832334,0,0
4.8912228057014255,-0.9153818939834231,0,0
4.896224056014003,-0.975175404733139,0,0
4.901225306326581,-0.9269369118773787,0,0
4.90622655663916,-0.9326629704341346,0,0
4.911227806951738,-0.9580990697208274,0,0
4.916229057264316,-0.9807544045538843,0,0
4.921230307576894,-0.9202290505442235,0,0
4.926231557889472,-0.9547685196847004,0,0
4.931232808202051,-0.918904345755061,0,0
4.9362340585146285,-0.9231662173496903,0,0
4.941235308827206,-0.96394958758643,0,0
4.946236559139785,-0.9734934355827434,0,0
4.951237809452363,-0.9130946072539965,0,0
4.9562390597649415,-0.9790573261766208,0,0
4.961240310077519,-0.9467166590223851,0,0
4.966241560390097,-0.9547919115653501,0,0
4.971242810702676,-0.9462811042748568,0,0
4.976244061015254,-0.9288266335788704,0,0
4.981245311327831,-0.92839550823526,0,0
4.98624656164041,-0.9618824463865419,0,0
4.991247811952988,-0.9209417800105785,0,0
4.996249062265567,-0.9968790002017748,0,0
5.0012503125781445,-0.9391286015879459,0,0
5.006251562890722,-1.0008063436449153,0,0
5.011252813203301,-1.0006918227731183,0,0
5.016254063515879,-0.9656070750107121,0,0
5.021255313828457,-0.96257660435988,0,0
5.026256564141035,-1.0215532127926423,0,0
5.031257814453613,-0.9486906841726193,0,0
5.036259064766192,-0.9143286659107452,0,0
5.04126031507877,-0.9311510863514387,0,0
5.046261565391347,-0.9999831245159145,0,0
5.051262815703926,-1.006664318677415,0,0
5.056264066016504,-1.0262175061792385,0,0
5.061265316329082,-0.9919845971957801,0,0
5.06626656664166,-1.0160414157272433,0,0
5.071267816954238,-0.92567462175577,0,0
5.076269067266817,-1.0170198175411613,0,0
5.081270317579395,-0.9430868682494966,0,0
5.0862715678919725,-0.9657403473115227,0,0
5.091272818204551,-0.9515224243801111,0,0
5.096274068517129,-0.9837611863319435,0,0
5.101275318829707,-0.9895774436921909,0,0
5.106276569142286,-1.009654928458456,0,0
5.111277819454863,-1.0606841871245924,0,0
5.116279069767442,-1.0055841783972155,0,0
5.12128032008002,-1.0045077152626536,0,0
5.126281570392598,-0.9987840706696055,0,0
5.131282820705176,-0.9980476803880183,0,0
5.136284071017754,-1.0164422180882358,0,0
5.141285321330333,-0.9785045095251832,0,0
5.146286571642911,-1.016204997675713,0,0
5.1512878219554885,-0.9828940836639374,0,0
5.156289072268067,-1.008790886582935,0,0
5.161290322580645,-1.02092424874765,0,0
5.166291572893223,-0.9821177977927757,0,0
5.1712928232058015,-1.001998457492086,0,0
5.176294073518379,-1.0109593929607683,0,0
5.181295323830958,-1.0051099446777765,0,0
5.186296574143536,-0.9844202190614825,0,0
5.191297824456114,-0.9804090654694781,0,0
5.196299074768692,-1.0112930550312629,0,0
5.20130032508127,-1.041841447341205,0,0
5.206301575393848,-0.9919876017245425,0,0
5.211302825706427,-1.0099734067186317,0,0
5.2163040760190045,-1.033955933266681,0,0
5.221305326331583,-1.0162461490760781,0,0
5.226306576644161,-0.9941767916799127,0,0
5.231307826956739,-1.004197799744457,0,0
5.2363090772693175,-0.9525386427852895,0,0
5.241310327581895,-0.9904600894278525,0,0
5.246311577894473,-1.0445407185987152,0,0
5.251312828207052,-1.08890148065277,0,0
5.25631407851963,-0.9867223571877793,0,0
5.261315328832208,-0.9550926996536362,0,0
5.266316579144786,-1.0465893694158486,0,0
5.271317829457364,-1.0297478898988492,0,0
5.276319079769943,-1.0458905600926567,0,0
5.28132033008252,-1.0009021509433151,0,0
5.286321580395098,-1.0832889575176277,0,0
5.291322830707677,-1.0177436864038263,0,0
5.296324081020255,-1.0488434975512648,0,0
5.3013253313328335,-1.044436124235059,0,0
5.306326581645411,-1.0300606185059098,0,0
5.311327831957989,-1.0542736859236128,0,0
5.316329082270568,-1.0193550796303057,0,0
5.321330332583146,-1.0040168266563556,0,0
5.326331582895723,-1.0320592078541821,0,0
5.331332833208302,-1.0717852554955047,0,0
5.33633408352088,-0.9970479020093553,0,0
5.341335333833459,-1.0510032984030815,0,0
5.346336584146036,-0.9899228162198422,0,0
5.351337834458614,-1.0667755573218953,0,0
5.356339084771193,-0.9992087084749485,0,0
5.361340335083771,-1.0251606310729646,0,0
5.3663415853963485,-1.1008663032221557,0,0
5.371342835708927,-1.07063084110253,0,0
5.376344086021505,-0.9881453723519504,0,0
5.381345336334084,-0.9576662639128435,0,0
5.3863465866466615,-1.0274589630173439,0,0
5.391347836959239,-1.0518771409300691,0,0
5.396349087271818,-1.0902711259878888,0,0
5.401350337584396,-1.0788672144503364,0,0
5.406351587896974,-1.0615783533562493,0,0
5.411352838209552,-1.0609551034332594,0,0
5.41635408852213,-1.0817159203911157,0,0
5.421355338834709,-1.0476178370001927,0,0
5.426356589147287,-1.0412691584136924,0,0
5.4313578394598645,-1.1077852274976239,0,0
5.436359089772443,-1.0561800905521066,0,0
5.441360340085021,-1.073422604389181,0,0
5.4463615903976,-1.0720838715458028,0,0
5.4513628407101775,-1.0729776989546311,0,0
5.456364091022755,-1.0414865895652503,0,0
5.461365341335334,-1.0556620452498287,0,0
5.466366591647912,-1.0387296493154496,0,0
5.47136784196049,-1.0231136503086216,0,0
5.476369092273068,-1.0936819412317678,0,0
5.481370342585646,-1.056707041414452,0,0
5.486371592898225,-1.093645127732287,0,0
5.491372843210803,-1.1030822739161685,0,0
5.4963740935233805,-1.080801437390672,0,0
5.501375343835959,-1.0833423257778483,0,0
5.506376594148537,-1.1042939202240416,0,0
5.511377844461115,-1.063934673141798,0,0
5.5163790947736935,-1.0488783791949294,0,0
5.521380345086271,-1.0752947193564506,0,0
5.52638159539885,-1.0630548192853706,0,0
5.531382845711428,-1.0625246421869812,0,0
5.536384096024006,-1.0498800985324896,0,0
5.541385346336584,-1.0684874702623064,0,0
5.546386596649162,-1.1142076321499803,0,0
5.55138784696174,-1.0804102855412598,0,0
5.556389097274319,-1.038255786961882,0,0
5.561390347586896,-1.0649985676223468,0,0
5.566391597899475,-1.0952550262815826,0,0
5.571392848212053,-1.0192097372813906,0,0
5.576394098524631,-1.0516370273564888,0,0
5.5813953488372094,-1.0632044077875344,0,0
5.586396599149787,-1.0456005363545906,0,0
5.591397849462365,-1.0734652639684985,0,0
5.596399099774944,-1.0454415183180141,0,0
5.601400350087522,-1.0808780050704507,0,0
5.6064016004001,-1.035255455409653,0,0
5.611402850712678,-1.0779954083880672,0,0
5.616404101025256,-1.1297634898722548,0,0
5.621405351337835,-1.106611226046374,0,0
5.626406601650412,-1.060929829441241,0,0
5.63140785196299,-1.0696767228776496,0,0
5.636409102275569,-1.0463970793838426,0,0
5.641410352588147,-1.1671147622114713,0,0
5.646411602900725,-1.0710152920743499,0,0
5.651412853213303,-1.1169999440659046,0,0
5.656414103525881,-1.1112165588554233,0,0
5.66141535383846,-1.101369362874006,0,0
5.6664166041510375,-1.0918045381364943,0,0
5.671417854463615,-1.1284529045731375,0,0
5.676419104776194,-1.1015443599465844,0,0
5.681420355088772,-1.1019670603401066,0,0
5.6864216054013506,-1.0736850867281031,0,0
5.691422855713928,-1.116443626674112,0,0
5.696424106026506,-1.0810751613372962,0,0
5.701425356339085,-1.12358469053313,0,0
5.706426606651663,-1.1300332703170926,0,0
5.7114278569642405,-1.1131588655917461,0,0
5.716429107276819,-1.1733135152565288,0,0
5.721430357589397,-1.0871040801257519,0,0
5.726431607901976,-1.1146400996252024,0,0
5.7314328582145535,-1.1138189099799967,0,0
5.736434108527131,-1.1669719179378921,0,0
5.74143535883971,-1.1345663887871729,0,0
5.746436609152288,-1.0560558376548554,0,0
5.751437859464866,-1.0875872998944096,0,0
5.756439109777444,-1.1300025275299614,0,0
5.761440360090022,-1.1061867769453435,0,0
5.766441610402601,-1.135446491195673,0,0
5.771442860715179,-1.1314302487068462,0,0
5.7764441110277565,-1.1343481901267383,0,0
5.781445361340335,-1.0975898527391796,0,0
5.786446611652913,-1.0925856868787283,0,0
5.791447861965492,-1.0952965646046027,0,0
5.7964491122780695,-1.084529016825862,0,0
5.801450362590647,-1.1221725850934146,0,0
5.806451612903226,-1.1035192391256259,0,0
5.811452863215804,-1.1572035161936332,0,0
5.816454113528382,-1.1411380523641108,0,0
5.82145536384096,-1.1008350870701038,0,0
5.826456614153538,-1.1877039903879227,0,0
5.831457864466117,-1.077504470005493,0,0
5.836459114778695,-1.1182833116646584,0,0
5.841460365091272,-1.0932669359015608,0,0
5.846461615403851,-1.1241290855028852,0,0
5.851462865716429,-1.1237850958257478,0,0
5.856464116029007,-1.1267497887772406,0,0
5.861465366341585,-1.1262041156838263,0,0
5.866466616654163,-1.1227447590492035,0,0
5.871467866966742,-1.1449631148584782,0,0
5.87646911727932,-1.136323208816335,0,0
5.881470367591898,-1.1044909086749297,0,0
5.886471617904476,-1.123671246999052,0,0
5.891472868217054,-1.121745413530026,0,0
5.896474118529632,-1.093383560228206,0,0
5.901475368842211,-1.115526503897889,0,0
5.906476619154788,-1.0934845145651286,0,0
5.911477869467367,-1.1700740589461014,0,0
5.916479119779945,-1.2024705569366414,0,0
5.921480370092523,-1.1694525224206813,0,0
5.926481620405101,-1.1849446884092354,0,0
5.931482870717679,-1.1588020912556987,0,0
5.936484121030257,-1.124097046129719,0,0
5.941485371342836,-1.1251398259068015,0,0
5.9464866216554135,-1.1686709508982493,0,0
5.951487871967992,-1.1405730812284682,0,0
5.95648912228057,-1.1409806798776403,0,0
5.961490372593148,-1.155317815596193,0,0
5.9664916229057265,-1.1899778101273726,0,0
5.971492873218304,-1.1306130418612355,0,0
5.976494123530882,-1.1534837455072304,0,0
5.981495373843461,-1.115351438072881,0,0
5.986496624156039,-1.1728930188342013,0,0
5.991497874468617,-1.1669654875817592,0,0
5.996499124781195,-1.1515069018386819,0,0
6.001500375093773,-1.14467899536565,0,0
6.006501625406352,-1.1016185236159783,0,0
6.0115028757189295,-1.166135095642613,0,0
6.016504126031507,-1.114685767498729,0,0
6.021505376344086,-1.143743504087096,0,0
6.026506626656664,-1.1713257266403612,0,0
6.0315078769692425,-1.2012463735183443,0,0
6.03650912728182,-1.1365980624642251,0,0
6.041510377594398,-1.1547785291531865,0,0
6.046511627906977,-1.1528403838083712,0,0
6.051512878219555,-1.1685943911708676,0,0
6.0565141285321324,-1.1589658823133333,0,0
6.061515378844711,-1.183014784706495,0,0
6.066516629157289,-1.1726978699088833,0,0
6.071517879469868,-1.1823113098558342,0,0
6.0765191297824455,-1.1466436474605124,0,0
6.081520380095023,-1.2193087324802807,0,0
6.086521630407602,-1.1587852790802635,0,0
6.09152288072018,-1.1768052842453152,0,0
6.0965241310327585,-1.1524731355670925,0,0
6.101525381345336,-1.2036029839677052,0,0
6.106526631657914,-1.1945475082019785,0,0
6.111527881970493,-1.1394499039940036,0,0
6.116529132283071,-1.2132446401851897,0,0
6.121530382595648,-1.1296558102676777,0,0
6.126531632908227,-1.1024485929419197,0,0
6.131532883220805,-1.1692572921915756,0,0
6.136534133533384,-1.2064595681357329,0,0
6.141535383845961,-1.1837547842220337,0,0
6.146536634158539,-1.1753604168095078,0,0
6.151537884471118,-1.231337839434213,0,0
6.156539134783696,-1.1746027152304908,0,0
6.1615403850962736,-1.176099150187683,0,0
6.166541635408852,-1.1993536753846867,0,0
6.17154288572143,-1.1783215228307178,0,0
6.176544136034009,-1.1973460458616279,0,0
6.181545386346587,-1.17711238076442,0,0
6.186546636659164,-1.1900793842452493,0,0
6.191547886971743,-1.2160836825236656,0,0
6.196549137284321,-1.2512832877541695,0,0
6.201550387596899,-1.2101895281544834,0,0
6.206551637909477,-1.18707032071349,0,0
6.211552888222055,-1.231390337560163,0,0
6.216554138534634,-1.2165786884358318,0,0
6.221555388847212,-1.2060838402495513,0,0
6.2265566391597895,-1.1837413786800381,0,0
6.231557889472368,-1.2346357960585386,0,0
6.236559139784946,-1.1831094579618484,0,0
6.241560390097524,-1.1961982925148906,0,0
6.2465616404101025,-1.2163098795058056,0,0
6.25156289072268,-1.1973554171945935,0,0
6.256564141035259,-1.2392755452634205,0,0
6.261565391347837,-1.2017852133652551,0,0
6.266566641660415,-1.230412873883095,0,0
6.271567891972993,-1.2060272564181602,0,0
6.276569142285571,-1.2284048263607321,0,0
6.281570392598149,-1.2139786057659108,0,0
6.286571642910728,-1.1928820478111253,0,0
6.2915728932233055,-1.1707760995854455,0,0
6.296574143535884,-1.2588715266006714,0,0
6.301575393848462,-1.1941914738546464,0,0
6.30657664416104,-1.3179602717118801,1,0
6.3115778944736185,-1.3748560130178094,0,0
6.316579144786196,-1.3422292235645132,0,0
6.321580395098774,-1.3681092113390099,0,0
6.326581645411353,-1.3074993256927063,0,0
6.331582895723931,-1.348908679434025,0,0
6.336584146036509,-1.2904648112431258,0,0
6.341585396349087,-1.3561536863462407,0,0
6.346586646661665,-1.4148705004489894,0,0
6.351587896974244,-1.3600818783587354,0,0
6.3565891472868215,-1.4033033088496651,0,0
6.361590397599399,-1.4129010612979513,0,0
6.366591647911978,-1.3217403347093595,0,0
6.371592898224556,-1.3803115573269928,0,0
6.3765941485371345,-1.3923767385933352,0,0
6.381595398849712,-1.3410891494819845,0,0
6.38659664916229,-1.3546695250037615,0,0
6.391597899474869,-1.3260021368558232,0,0
6.396599149787447,-1.3740529384721885,0,0
6.401600400100024,-1.3575574609184327,0,0
6.406601650412603,-1.3616714957854072,0,0
6.411602900725181,-1.4055634050878139,0,0
6.41660415103776,-1.4106094316432103,0,0
6.421605401350337,-1.3626212391408505,0,0
6.426606651662915,-1.432188380893519,0,0
6.431607901975494,-1.39797373119683,0,0
6.436609152288072,-1.3854875217700051,0,0
6.44161040260065,-1.3480305548039322,0,0
6.446611652913228,-1.41588088307898,0,0
6.451612903225806,-1.246084011968089,2,0
6.456614153538385,-1.3776569733155917,0,0
6.461615403850963,-1.462578916405445,0,0
6.46661665416354,-1.4940113924423526,0,0
6.471617904476119,-1.450803298660958,0,0
6.476619154788697,-1.4444558095110156,0,0
6.481620405101276,-1.437107288846625,0,0
6.486621655413853,-1.4638848516581706,0,0
6.491622905726431,-1.4087532229260669,0,0
6.49662415603901,-1.4295533512782403,0,0
6.501625406351588,-1.4529558311015485,0,0
6.5066266566641655,-1.4850218225481837,0,0
6.511627906976744,-1.4593910337639773,0,0
6.516629157289322,-1.4913526520366513,0,0
6.521630407601901,-1.4444809111412749,0,0
6.5266316579144785,-1.4190960783717699,0,0
6.531632908227056,-1.437669597858848,0,0
6.536634158539635,-1.469742163856743,0,0
6.541635408852213,-1.467213718226532,0,0
6.546636659164791,-1.4941396165366203,0,0
6.551637909477369,-1.4784616989883934,0,0
6.556639159789947,-1.433560254647477,0,0
6.561640410102526,-1.4446182625528707,0,0
6.566641660415104,-1.477060936468611,0,0
6.5716429107276815,-1.4944090902600349,0,0
6.57664416104026,-1.4935470653710745,0,0
6.581645411352838,-1.4020753346193564,0,0
6.586646661665416,-1.4171091046181665,0,0
6.5916479119779945,-1.4703481661129072,0,0
6.596649162290572,-1.4678872083514949,0,0
6.601650412603151,-1.5383372283290344,0,0
6.606651662915729,-1.4308277916926808,0,0
6.611652913228307,-1.4964236289648616,0,0
6.616654163540885,-1.447314927545023,0,0
6.621655413853463,-1.461419441914725,0,0
6.626656664166041,-1.4602792526408221,0,0
6.63165791447862,-1.4724770142474415,0,0
6.636659164791197,-1.4923724618539382,0,0
6.641660415103776,-1.4754043938332948,0,0
6.646661665416354,-1.434594961378565,0,0
6.651662915728932,-1.5086920032652231,0,0
6.6566641660415105,-1.469145519558914,0,0
6.661665416354088,-1.504896605806243,0,0
6.666666666666666,-1.5244050267230103,0,0
6.671667916979245,-1.4662664801823817,0,0
6.676669167291823,-1.4745522986576587,0,0
6.681670417604401,-1.4751723732982904,0,0
6.686671667916979,-1.4324450870174306,0,0
6.691672918229557,-1.5034281979765818,0,0
6.696674168542136,-1.4905134731479694,0,0
6.701675418854713,-1.4761603442176798,0,0
6.706676669167291,-1.474859640799524,0,0
6.71167791947987,-1.467236558985826,0,0
6.716679169792448,-1.4397111072699074,0,0
6.721680420105026,-1.537171924710216,0,0
6.726681670417604,-1.4631209422690974,0,0
6.731682920730182,-1.4455856091985924,0,0
6.736684171042761,-1.4282645254041484,0,0
6.7416854213553385,-1.4990831113871803,0,0
6.746686671667917,-1.5649584671735914,0,0
6.751687921980495,-1.5507897808711801,0,0
6.756689172293073,-1.4829464236991698,0,0
6.761690422605652,-1.5357390018996737,0,0
6.766691672918229,-1.557610638463136,0,0
6.771692923230807,-1.5143229427002467,0,0
6.776694173543386,-1.4871744731864014,0,0
6.781695423855964,-1.4902291512304713,0,0
6.786696674168542,-1.4839810088482432,0,0
6.79169792448112,-1.5381734106633398,0,0
6.796699174793698,-1.5201673357311978,0,0
6.801700425106277,-1.4867605640194728,0,0
6.8067016754188545,-1.5282744161558652,0,0
6.811702925731432,-1.4897266371070805,0,0
6.816704176044011,-1.5306486504138157,0,0
6.821705426356589,-1.5308053338425087,0,0
6.8267066766691675,-1.5000048609513732,0,0
6.831707926981745,-1.5167691040030429,0,0
6.836709177294323,-1.5753607501993814,0,0
6.841710427606902,-1.4681107674109435,0,0
6.84671167791948,-1.476514291858583,0,0
6.8517129282320575,-1.5128033191539798,0,0
6.856714178544636,-1.5164967222851442,0,0
6.861715428857214,-1.5036649723567215,0,0
6.866716679169793,-1.5046482772223195,0,0
6.8717179294823705,-1.488888439960908,0,0
6.876719179794948,-1.532041426711572,0,0
6.881720430107527,-1.501090888788261,0,0
6.886721680420105,-1.4965922430294094,0,0
6.891722930732683,-1.5397857294573545,0,0
6.896724181045261,-1.5518589309930262,0,0
6.901725431357839,-1.4571685960997525,0,0
6.906726681670418,-1.5615811725594022,0,0
6.911727931982996,-1.474039497036113,0,0
6.916729182295573,-1.4985994423885838,0,0
6.921730432608152,-1.4864254095056053,0,0
6.92673168292073,-1.526242895400656,0,0
6.931732933233308,-1.5327375917499342,0,0
6.9367341835458864,-1.5094228868418453,0,0
6.941735433858464,-1.5593022572015232,0,0
6.946736684171043,-1.5474096610790788,0,0
6.951737934483621,-1.512219543715785,0,0
6.956739184796199,-1.4700773040237887,0,0
6.961740435108777,-1.5225219989361232,0,0
6.966741685421355,-1.525922660992016,0,0
6.971742935733933,-1.5203164942177645,0,0
6.976744186046512,-1.4809506688523821,0,0
6.981745436359089,-1.5664323733269263,0,0
6.986746686671668,-1.5712651783443814,0,0
6.991747936984246,-1.5391991405223413,0,0
6.996749187296824,-1.5867760625822762,0,0
7.001750437609402,-1.4534770382655209,0,0
7.00675168792198,-1.5156102927872954,0,0
7.011752938234558,-1.5192285715826384,0,0
7.016754188547137,-1.5385013338482725,0,0
7.0217554388597145,-1.5413528254790736,0,0
7.026756689172293,-1.5682589938086464,0,0
7.031757939484871,-1.5198295338515924,0,0
7.036759189797449,-1.564753678408075,0,0
7.0417604401100276,-1.5650507171239945,0,0
7.046761690422605,-1.5432221809367197,0,0
7.051762940735184,-1.5457666669338104,0,0
7.056764191047762,-1.515756486472795,0,0
7.06176544136034,-1.5408575147339323,0,0
7.066766691672918,-1.5659838705417397,0,0
7.071767941985496,-1.6266858645379203,0,0
7.076769192298074,-1.523170514209192,0,0
7.081770442610653,-1.5855477036693493,0,0
7.0867716929232305,-1.5406510338621424,0,0
7.091772943235809,-1.5241812011572748,0,0
7.096774193548387,-1.5913256834642802,0,0
7.101775443860965,-1.5555050386569853,0,0
7.1067766941735435,-1.6345805243775557,0,0
7.111777944486121,-1.5679120196970047,0,0
7.116779194798699,-1.5477343532773231,0,0
7.121780445111278,-1.5173072851955292,0,0
7.126781695423856,-1.5512649756048336,0,0
7.131782945736434,-1.5574448631661357,0,0
7.136784196049012,-1.5944651108704437,0,0
7.14178544636159,-1.5686803755930676,0,0
7.146786696674169,-1.5844523865435107,0,0
7.1517879469867465,-1.5601126583371336,0,0
7.156789197299324,-1.592895214844573,0,0
7.161790447611903,-1.5352231566665304,0,0
7.166791697924481,-1.5954447112846273,0,0
7.1717929482370595,-1.5960519222221101,0,0
7.176794198549637,-1.6009084298299614,0,0
7.181795448862215,-1.575190068249107,0,0
7.186796699174794,-1.5638660567962563,0,0
7.191797949487372,-1.5987728995327068,0,0
7.196799199799949,-1.5996185054049823,0,0
7.201800450112528,-1.5666936144914463,0,0
7.206801700425106,-1.5786975456581034,0,0
7.211802950737685,-1.632529262146781,0,0
7.216804201050262,-1.6446887653422277,0,0
7.22180545136284,-1.6259748461840504,0,0
7.226806701675419,-1.6074745932392713,0,0
7.231807951987997,-1.5500495217744343,0,0
7.236809202300575,-1.5727845617903309,0,0
7.241810452613153,-1.5495977544395851,0,0
7.246811702925731,-1.6111648926799578,0,0
7.25181295323831,-1.5858626605010753,0,0
7.256814203550888,-1.6419945145321546,0,0
7.261815453863465,-1.5688148921878102,0,0
7.266816704176044,-1.6001157096368743,0,0
7.271817954488622,-1.5730758481818319,0,0
7.2768192048012,-1.59644108297541,0,0
7.281820455113778,-1.573504506504436,0,0
7.286821705426356,-1.551125370553477,0,0
7.291822955738935,-1.5887469348256515,0,0
7.296824206051513,-1.5578189931905662,0,0
7.3018254563640905,-1.6578638127307717,0,0
7.306826706676669,-1.6063698860636415,0,0
7.311827956989247,-1.5774347173058967,0,0
7.316829207301825,-1.592972230010283,0,0
7.3218304576144035,-1.625780154358368,0,0
7.326831707926981,-1.644362219526514,0,0
7.33183295823956,-1.6322913534177836,0,0
7.336834208552138,-1.6226059499931367,0,0
7.341835458864716,-1.6387531311545362,0,0
7.346836709177294,-1.6395073204912383,0,0
7.351837959489872,-1.6075847705442596,0,0
7.35683920980245,-1.6648993866889072,0,0
7.361840460115029,-1.6420908913673462,0,0
7.3668417104276065,-1.634196102106713,0,0
7.371842960740185,-1.5873683594875456,0,0
7.376844211052763,-1.5582991175866225,0,0
7.381845461365341,-1.6615238706408486,0,0
7.3868467116779195,-1.5380015052657114,0,0
7.391847961990497,-1.5967358345887055,0,0
7.396849212303076,-1.644436823549149,0,0
7.401850462615654,-1.6060537197963778,0,0
7.406851712928232,-1.6031769316022069,0,0
7.41185296324081,-1.6274461690378315,0,0
7.416854213553388,-1.66098807606526,0,0
7.421855463865966,-1.6425078412021732,0,0
7.426856714178545,-1.6487692124779478,0,0
7.4318579644911225,-1.6063813258475037,0,0
7.436859214803701,-1.6075653825795146,0,0
7.441860465116279,-1.6141615025672402,0,0
7.446861715428857,-1.6979798580452365,0,0
7.4518629657414355,-1.6174218849036157,0,0
7.456864216054013,-1.6706617810279407,0,0
7.461865466366591,-1.5877491143056677,0,0
7.46686671667917,-1.6563584671946303,0,0
7.471867966991748,-1.7146453480431294,0,0
7.476869217304326,-1.6259338129348289,0,0
7.481870467616904,-1.5784292332883347,0,0
7.486871717929482,-1.6348247033191843,0,0
7.491872968242061,-1.6660117807777766,0,0
7.496874218554638,-1.6262668055616636,0,0
7.501875468867216,-1.6179019132111203,0,0
7.506876719179795,-1.6322311786190975,0,0
7.511877969492373,-1.6195210343156718,0,0
7.516879219804951,-1.6277537979508165,0,0
7.521880470117529,-1.608309714509649,0,0
7.526881720430107,-1.6366608023068498,0,0
7.531882970742686,-1.7069108372611186,0,0
7.536884221055264,-1.603790369692689,0,0
7.541885471367841,-1.6600526560597482,0,0
7.54688672168042,-1.6302398324658982,0,0
7.551887971992998,-1.6354916377158066,0,0
7.556889222305577,-1.662663989158266,0,0
7.561890472618154,-1.6249141399871962,0,0
7.566891722930732,-1.7079209947347098,0,0
7.571892973243311,-1.645889739219621,0,0
7.576894223555889,-1.6847471182265752,0,0
7.5818954738684665,-1.6568004830082248,0,0
7.586896724181045,-1.613082049870001,0,0
7.591897974493623,-1.6406001588991241,0,0
7.596899224806202,-1.6556473738635795,0,0
7.6019004751187795,-1.6994305729482237,0,0
7.606901725431357,-1.654726190701279,0,0
7.611902975743936,-1.7032595837312008,0,0
7.616904226056514,-1.6929655343758165,0,0
7.621905476369092,-1.6726469930893406,0,0
7.62690672668167,-1.6815892058309112,0,0
7.631907976994248,-1.667495553443939,0,0
7.636909227306827,-1.7132219318723234,0,0
7.641910477619405,-1.6964771604092448,0,0
7.6469117279319825,-1.7162312520426515,0,0
7.651912978244561,-1.6518106739763738,0,0
7.656914228557139,-1.6560506719143853,0,0
7.661915478869717,-1.6479633865542458,0,0
7.6669167291822955,-1.7082036122792414,0,0
7.671917979494873,-1.6442853705977136,0,0
7.676919229807452,-1.6885613731592104,0,0
7.68192048012003,-1.7208677859957457,0,0
7.686921730432608,-1.666364550789981,0,0
7.691922980745186,-1.6975541775052954,0,0
7.696924231057764,-1.6345188177378693,0,0
7.701925481370343,-1.658825739742493,0,0
7.706926731682921,-1.7091337541646403,0,0
7.7119279819954984,-1.6731103845199882,0,0
7.716929232308077,-1.7266450327347547,0,0
7.721930482620655,-1.7015501252537908,0,0
7.726931732933233,-1.7053689334981819,0,0
7.7319329832458115,-1.6352076919531844,0,0
7.736934233558389,-1.6680557329059942,0,0
7.741935483870968,-1.7012281021022,0,0
7.746936734183546,-1.696989603072886,0,0
7.751937984496124,-1.6718120697621965,0,0
7.756939234808702,-1.706915062968456,0,0
7.76194048512128,-1.6687797177712904,0,0
7.766941735433858,-1.6721436420051354,0,0
7.771942985746437,-1.699782158508907,0,0
7.776944236059014,-1.6834915641340003,0,0
7.781945486371593,-1.6976711703828846,0,0
7.786946736684171,-1.6444908667924334,0,0
7.791947986996749,-1.6963101506849436,0,0
7.796949237309327,-1.7632361162106145,0,0
7.801950487621905,-1.65696081864467,0,0
7.806951737934483,-1.6876284121930607,0,0
7.811952988247062,-1.648827517528574,0,0
7.81695423855964,-1.67464015035684,0,0
7.821955488872218,-1.7208805163036371,0,0
7.826956739184796,-1.683355484773045,0,0
7.831957989497374,-1.7252388855592653,0,0
7.836959239809953,-1.7187605577757952,0,0
7.84196049012253,-1.7013188685148548,0,0
7.846961740435108,-1.6792031284668465,0,0
7.851962990747687,-1.6937192604569926,0,0
7.856964241060265,-1.6532394896033349,0,0
7.861965491372843,-1.6843439598989984,0,0
7.866966741685421,-1.7010555270393182,0,0
7.871967991997999,-1.6591213336303654,0,0
7.876969242310578,-1.767993620428415,0,0
7.8819704926231555,-1.7089121646695304,0,0
7.886971742935733,-1.7541873790324414,0,0
7.891972993248312,-1.690436386363621,0,0
7.89697424356089,-1.7356342599059236,0,0
7.9019754938734685,-1.6995986698233279,0,0
7.906976744186046,-1.7376883538753307,0,0
7.911977994498624,-1.7539806509275633,0,0
7.916979244811203,-1.6153795408591447,0,0
7.921980495123781,-1.6155138540759932,0,0
7.9269817454363585,-1.710341781570868,0,0
7.931982995748937,-1.7346035433989642,0,0
7.936984246061515,-1.754939982358272,0,0
7.941985496374094,-1.6886316069934486,0,0
7.9469867466866715,-1.7487625680346648,0,0
7.951987996999249,-1.6994225028783048,0,0
7.956989247311828,-1.7582453851500361,0,0
7.961990497624406,-1.7338448103826491,0,0
7.966991747936984,-1.7900823561364632,0,0
7.971992998249562,-1.7043792328038607,0,0
7.97699424856214,-1.791605984614444,0,0
7.981995498874719,-1.7344256947098806,0,0
7.986996749187297,-1.7566099305512524,0,0
7.991997999499874,-1.6914947982164577,0,0
7.996999249812453,-1.738927825055703,0,0
8.002000500125032,-1.7715992257484774,0,0
8.00700175043761,-1.686917819981765,0,0
8.012003000750187,-1.713256889113465,0,0
8.017004251062765,-1.7216321157763674,0,0
8.022005501375343,-1.7858724934507573,0,0
8.027006751687923,-1.7052150198023468,0,0
8.0320080020005,-1.7990413443669366,0,0
8.037009252313078,-1.747976649239902,0,0
8.042010502625656,-1.7940207635476935,0,0
8.047011752938234,-1.713145873446213,0,0
8.052013003250812,-1.7665903090461215,0,0
8.057014253563391,-1.8071530284583268,0,0
8.062015503875969,-1.7598173797970655,0,0
8.067016754188547,-1.7067526524805303,0,0
8.072018004501125,-1.746970062194657,0,0
8.077019254813703,-1.8058459768471593,0,0
8.082020505126282,-1.7740610392038494,0,0
8.08702175543886,-1.7164057499281427,0,0
8.092023005751438,-1.7855308375008825,0,0
8.097024256064016,-1.7789925459266194,0,0
8.102025506376593,-1.797265687263012,0,0
8.107026756689173,-1.7599890740473554,0,0
8.11202800700175,-1.7732098231275302,0,0
8.117029257314329,-1.7846510435119007,0,0
8.122030507626906,-1.7359662281078505,0,0
8.127031757939484,-1.7698996730179666,0,0
8.132033008252062,-1.7619464737450525,0,0
8.137034258564642,-1.76555572837389,0,0
8.14203550887722,-1.7664953723211807,0,0
8.147036759189797,-1.749605127815754,0,0
8.152038009502375,-1.7949771271370467,0,0
8.157039259814953,-1.791979893586729,0,0
8.162040510127532,-1.733382335259454,0,0
8.16704176044011,-1.8010556699849218,0,0
8.172043010752688,-1.7462769103223694,0,0
8.177044261065266,-1.7689832722685257,0,0
8.182045511377844,-1.7785774797905354,0,0
8.187046761690423,-1.7482269514811764,0,0
8.192048012003001,-1.7460802988101682,0,0
8.197049262315579,-1.7817346288067677,0,0
8.202050512628157,-1.8061112357308438,0,0
8.207051762940734,-1.7606610311263853,0,0
8.212053013253312,-1.787301156999761,0,0
8.217054263565892,-1.8296973669704852,0,0
8.22205551387847,-1.7812293441977525,0,0
8.227056764191047,-1.7891632348011886,0,0
8.232058014503625,-1.7809711605147336,0,0
8.237059264816203,-1.769981669212649,0,0
8.242060515128783,-1.73709590048408,0,0
8.24706176544136,-1.8067002071777978,0,0
8.252063015753938,-1.7230490759139203,0,0
8.257064266066516,-1.8415081812275735,0,0
8.262065516379094,-1.7294842339246708,0,0
8.267066766691674,-1.7585245920447543,0,0
8.272068017004251,-1.7704335681899839,0,0
8.27706926731683,-1.7965335860672973,0,0
8.282070517629407,-1.8283539381308938,0,0
8.287071767941985,-1.816733651608009,0,0
8.292073018254563,-1.8567567131637213,0,0
8.297074268567142,-1.75379192794629,0,0
8.30207551887972,-1.7771527668687228,0,0
8.307076769192298,-1.8195753721267731,0,0
8.312078019504876,-1.7814540223847668,0,0
8.317079269817453,-1.811706932269001,0,0
8.322080520130033,-1.8212923748638588,0,0
8.32708177044261,-1.7953103912332802,0,0
8.332083020755189,-1.8539565215367126,0,0
8.337084271067766,-1.8098319685204902,0,0
8.342085521380344,-1.7610432220751242,0,0
8.347086771692924,-1.8329056129963792,0,0
8.352088022005502,-1.8477489047605915,0,0
8.35708927231808,-1.8197115311293648,0,0
8.362090522630657,-1.7949816203346212,0,0
8.367091772943235,-1.8118231812341197,0,0
8.372093023255815,-1.7899290894390623,0,0
8.377094273568392,-1.8246430044358954,0,0
8.38209552388097,-1.7877702967318652,0,0
8.387096774193548,-1.8234326714785833,0,0
8.392098024506126,-1.830271585256383,0,0
8.397099274818704,-1.8229165838002679,0,0
8.402100525131283,-1.7561121196928386,0,0
8.407101775443861,-1.8169501952916758,0,0
8.412103025756439,-1.803982329506535,0,0
8.417104276069017,-1.8086568834622256,0,0
8.422105526381594,-1.847199512946488,0,0
8.427106776694174,-1.879658575634134,0,0
8.432108027006752,-1.8472085044912585,0,0
8.43710927731933,-1.8268599939128505,0,0
8.442110527631908,-1.8409639392027486,0,0
8.447111777944485,-1.7894270027200618,0,0
8.452113028257065,-1.8314000718387435,0,0
8.457114278569643,-1.7954340817289276,0,0
8.46211552888222,-1.824200151143536,0,0
8.467116779194798,-1.823660743584261,0,0
8.472118029507376,-1.8641085673529922,0,0
8.477119279819954,-1.8057425074261582,0,0
8.482120530132534,-1.8123881983174814,0,0
8.487121780445111,-1.8539455254150026,0,0
8.49212303075769,-1.746927483420809,0,0
8.497124281070267,-1.8256514564824653,0,0
8.502125531382845,-1.770517782087942,0,0
8.507126781695424,-1.845278522664509,0,0
8.512128032008002,-1.8770376857048534,0,0
8.51712928232058,-1.843205385305862,0,0
8.522130532633158,-1.8345773414835307,0,0
8.527131782945736,-1.791882989065466,0,0
8.532133033258315,-1.8454870228823272,0,0
8.537134283570893,-1.855299943767578,0,0
8.54213553388347,-1.8332883441336827,0,0
8.547136784196049,-1.8003071142877534,0,0
8.552138034508626,-1.8510341255739782,0,0
8.557139284821204,-1.8543907109829114,0,0
8.562140535133784,-1.8725055068242522,0,0
8.567141785446362,-1.8702658578951787,0,0
8.57214303575894,-1.8798290307043912,0,0
8.577144286071517,-1.9356606985432572,0,0
8.582145536384095,-1.7864022147401588,0,0
8.587146786696675,-1.883660102537552,0,0
8.592148037009252,-1.9015858544833242,0,0
8.59714928732183,-1.85867901798209,0,0
8.602150537634408,-1.910320997407128,0,0
8.607151787946986,-1.8625645693775565,0,0
8.612153038259565,-1.854996021403327,0,0
8.617154288572143,-1.8388673993609408,0,0
8.622155538884721,-1.8731672884907138,0,0
8.627156789197299,-1.8839651371719326,0,0
8.632158039509877,-1.874805808013529,0,0
8.637159289822455,-1.8484773860136412,0,0
8.642160540135034,-1.8566756557534538,0,0
8.647161790447612,-1.870474199516898,0,0
8.65216304076019,-1.8606089593938062,0,0
8.657164291072768,-1.8735518630697543,0,0
8.662165541385345,-1.8361654593033703,0,0
8.667166791697925,-1.8599006121512172,0,0
8.672168042010503,-1.9262161427998583,0,0
8.67716929232308,-1.8829854901937604,0,0
8.682170542635658,-1.9416045936945219,0,0
8.687171792948236,-1.8654058906922935,0,0
8.692173043260816,-1.9309642450117566,0,0
8.697174293573394,-1.8777161833309761,0,0
8.702175543885971,-1.9033642866304845,0,0
8.70717679419855,-1.816349341553395,0,0
8.712178044511127,-1.8431142633762527,0,0
8.717179294823707,-1.8828801427900526,0,0
8.722180545136284,-1.9201560508090303,0,0
8.727181795448862,-1.8335145908566464,0,0
8.73218304576144,-1.8598653638335991,0,0
8.737184296074018,-1.8637332364333454,0,0
8.742185546386596,-1.9158354145803334,0,0
8.747186796699175,-1.8879643204886294,0,0
8.752188047011753,-1.8812353289034909,0,0
8.75718929732433,-1.918263815668273,0,0
8.762190547636909,-1.8864615029506928,0,0
8.767191797949486,-1.9013213955306794,0,0
8.772193048262066,-1.8653687311755878,0,0
8.777194298574644,-1.9042204214789484,0,0
8.782195548887222,-1.9068543639393212,0,0
8.7871967991998,-1.9335036202592435,0,0
8.792198049512377,-1.9050501983754609,0,0
8.797199299824957,-1.8842493021860984,0,0
8.802200550137535,-1.8488211748579026,0,0
8.807201800450112,-1.9393118094297153,0,0
8.81220305076269,-1.8794537221032714,0,0
8.817204301075268,-1.8891042454471862,0,0
8.822205551387846,-1.9534880746502383,0,0
8.827206801700425,-1.8826098614016307,0,0
8.832208052013003,-1.8829889299039495,0,0
8.837209302325581,-1.869348261707019,0,0
8.842210552638159,-1.8911843078727368,0,0
8.847211802950737,-1.9315175746016084,0,0
8.852213053263316,-1.9019641292817162,0,0
8.857214303575894,-1.901494695417326,0,0
8.862215553888472,-1.8770697721788954,0,0
8.86721680420105,-1.9060280802011111,0,0
8.872218054513628,-1.942225993119327,0,0
8.877219304826207,-1.9184826179131147,0,0
8.882220555138785,-1.912326530210707,0,0
8.887221805451363,-1.9140358063486462,0,0
8.89222305576394,-1.93278990285663,0,0
8.897224306076518,-1.8952210163902927,0,0
8.902225556389096,-1.9382399922672946,0,0
8.907226806701676,-1.9073743244835515,0,0
8.912228057014254,-1.9040409537927707,0,0
8.917229307326831,-1.8719321346355504,0,0
8.92223055763941,-1.9281256927886232,0,0
8.927231807951987,-1.8976909202652117,0,0
8.932233058264567,-1.8836263795463004,0,0
8.937234308577144,-1.8733176192813017,0,0
8.942235558889722,-1.9012209738249812,0,0
8.9472368092023,-1.9408139436353478,0,0
8.952238059514878,-1.9132783178627262,0,0
8.957239309827457,-1.9626744124593307,0,0
8.962240560140035,-1.9041536877510663,0,0
8.967241810452613,-1.9286035367703904,0,0
8.97224306076519,-1.9521322254011806,0,0
8.977244311077769,-1.9297501315262842,0,0
8.982245561390348,-1.899768036842718,0,0
8.987246811702926,-1.9436204693585672,0,0
8.992248062015504,-1.9024073617497446,0,0
8.997249312328082,-1.932938976256201,0,0
9.00225056264066,-1.9679361036146603,0,0
9.007251812953237,-1.922270899422806,0,0
9.012253063265817,-1.919254201482012,0,0
9.017254313578395,-1.9951751360214973,0,0
9.022255563890972,-1.95304619347956,0,0
9.02725681420355,-1.9228213450724636,0,0
9.032258064516128,-1.9565023636073546,0,0
9.037259314828708,-1.9417433316434483,0,0
9.042260565141286,-1.9586622578243618,0,0
9.047261815453863,-1.9465087894794932,0,0
9.052263065766441,-1.9803017179876174,0,0
9.057264316079019,-1.888757867998166,0,0
9.062265566391599,-2.006371418009723,0,0
9.067266816704176,-1.9054765686430903,0,0
9.072268067016754,-1.9503067353690982,0,0
9.077269317329332,-1.9706328129159232,0,0
9.08227056764191,-1.9458200201220246,0,0
9.087271817954488,-1.9373232580133177,0,0
9.092273068267067,-1.9592340277491087,0,0
9.097274318579645,-1.9303942516852353,0,0
9.102275568892223,-1.9384503619912041,0,0
9.1072768192048,-1.9722389501211925,0,0
9.112278069517378,-1.9990970807968982,0,0
9.117279319829958,-1.9780505489051403,0,0
9.122280570142536,-1.9399697338329533,0,0
9.127281820455114,-2.0025300858563404,0,0
9.132283070767691,-1.9162297193910716,0,0
9.13728432108027,-1.930881483490679,0,0
9.142285571392849,-1.9508631541606034,0,0
9.147286821705427,-1.9387959581969032,0,0
9.152288072018004,-1.922350593921343,0,0
9.157289322330582,-1.999498742225209,0,0
9.16229057264316,-1.9838790504841055,0,0
9.167291822955738,-1.8887410183130071,0,0
9.172293073268317,-1.9376136525365317,0,0
9.177294323580895,-1.9921823167490542,0,0
9.182295573893473,-1.9202700065830207,0,0
9.18729682420605,-1.9393468435652255,0,0
9.192298074518629,-1.9686243837026536,0,0
9.197299324831208,-1.9440469161605047,0,0
9.202300575143786,-1.9818268523779856,0,0
9.207301825456364,-1.934827690888391,0,0
9.212303075768942,-1.9721914035432926,0,0
9.21730432608152,-2.0059014028973983,0,0
9.222305576394099,-2.0221497253243514,0,0
9.227306826706677,-2.0296452328788868,0,0
9.232308077019255,-1.9468148047396165,0,0
9.237309327331833,-1.9493977132932958,0,0
9.24231057764441,-1.9725702277433381,0,0
9.247311827956988,-1.9444189142296124,0,0
9.252313078269568,-1.9908093213564242,0,0
9.257314328582146,-1.9340611909820113,0,0
9.262315578894723,-1.948556385555131,0,0
9.267316829207301,-1.9493294017350904,0,0
9.272318079519879,-1.9846224885538735,0,0
9.277319329832459,-1.9891771800109068,0,0
9.282320580145036,-1.9622926047494094,0,0
9.287321830457614,-2.0299450527452025,0,0
9.292323080770192,-2.003940995618098,0,0
9.29732433108277,-1.9698096110858498,0,0
9.30232558139535,-1.9387199659286496,0,0
9.307326831707927,-2.000645082239571,0,0
9.312328082020505,-1.9101569094216948,0,0
9.317329332333083,-2.0162383796743675,0,0
9.32233058264566,-2.0128353756238755,0,0
9.32733183295824,-2.0059119826558254,0,0
9.332333083270818,-2.010831153279076,0,0
9.337334333583396,-1.9705655519248158,0,0
9.342335583895974,-2.0450461792873686,0,0
9.347336834208551,-1.9756419028165637,0,0
9.35233808452113,-2.0580599505936275,0,0
9.357339334833709,-1.9602314397377485,0,0
9.362340585146287,-2.0332282945364426,0,0
9.367341835458864,-1.9960150523196976,0,0
9.372343085771442,-2.0193815396352734,0,0
9.37734433608402,-1.99478920603646,0,0
9.3823455863966,-2.0107214956732986,0,0
9.387346836709177,-1.9692988565871885,0,0
9.392348087021755,-2.008634949115126,0,0
9.397349337334333,-2.0163439473112854,0,0
9.402350587646911,-1.9871124725726697,0,0
9.40735183795949,-2.0332231363779916,0,0
9.412353088272068,-2.0155664731318153,0,0
9.417354338584646,-1.9576811231484639,0,0
9.422355588897224,-2.074429754696175,0,0
9.427356839209802,-1.9946968135159968,0,0
9.43235808952238,-2.047484811690137,0,0
9.43735933983496,-2.073755454774429,0,0
9.442360590147537,-1.9941725333611628,0,0
9.447361840460115,-1.955249751916392,0,0
9.452363090772693,-2.032204681748926,0,0
9.45736434108527,-2.02747125312411,0,0
9.46236559139785,-2.022206902798516,0,0
9.467366841710428,-2.0054487379286305,0,0
9.472368092023006,-2.0386134076253772,0,0
9.477369342335583,-2.031437933154288,0,0
9.482370592648161,-2.0196367589672524,0,0
9.48737184296074,-2.054415068544389,0,0
9.492373093273319,-1.9760389438680748,0,0
9.497374343585896,-1.9883936894399135,0,0
9.502375593898474,-1.9939218570850874,0,0
9.507376844211052,-2.071147477929749,0,0
9.51237809452363,-2.0355740494634467,0,0
9.51737934483621,-1.9878655518043031,0,0
9.522380595148787,-2.079849560655886,0,0
9.527381845461365,-1.9982625367417695,0,0
9.532383095773943,-2.0658703028645204,0,0
9.53738434608652,-1.9859159633276104,0,0
9.5423855963991,-2.00010990540098,0,0
9.547386846711678,-2.06408469818988,0,0
9.552388097024256,-2.021626072678767,0,0
9.557389347336834,-2.0903026625358185,0,0
9.562390597649411,-1.9766288840543107,0,0
9.567391847961991,-2.1022220432841645,0,0
9.572393098274569,-1.9990204470333501,0,0
9.577394348587147,-2.052721491115539,0,0
9.582395598899724,-2.05547646951106,0,0
9.587396849212302,-2.0753853660064783,0,0
9.59239809952488,-2.0304763434696436,0,0
9.59739934983746,-2.0570996578397276,0,0
9.602400600150037,-2.0930834300904366,0,0
9.607401850462615,-2.0261797517116995,0,0
9.612403100775193,-2.039840905774086,0,0
9.617404351087771,-2.0722147459288753,0,0
9.62240560140035,-2.050508639150138,0,0
9.627406851712928,-2.0547668245618524,0,0
9.632408102025506,-2.0236947616805807,0,0
9.637409352338084,-2.0905773558458014,0,0
9.642410602650662,-2.0734529484552717,0,0
9.647411852963241,-2.0284132753497053,0,0
9.65241310327582,-2.0502475535256686,0,0
9.657414353588397,-2.0180241882916556,0,0
9.662415603900975,-2.0859326552052107,0,0
9.667416854213553,-2.1285129593542567,0,0
9.672418104526132,-2.0874148525664498,0,0
9.67741935483871,-2.0642302155257566,0,0
9.682420605151288,-2.0741383239169546,0,0
9.687421855463866,-2.0608426397484387,0,0
9.692423105776443,-2.0440188929168124,0,0
9.697424356089021,-2.0887768974597134,0,0
9.7024256064016,-2.062284394018233,0,0
9.707426856714179,-2.0212586877999033,0,0
9.712428107026756,-2.0784725926662286,0,0
9.717429357339334,-2.039154304549382,0,0
9.722430607651912,-2.047765359620758,0,0
9.727431857964492,-2.0896281593513866,0,0
9.73243310827707,-2.0712952516532956,0,0
9.737434358589647,-2.078022986953662,0,0
9.742435608902225,-2.1014518782510656,0,0
9.747436859214803,-2.1042154458884386,0,0
9.752438109527382,-2.1043386317084285,0,0
9.75743935983996,-2.104154524647504,0,0
9.762440610152538,-2.0982554251091865,0,0
9.767441860465116,-2.109794157851852,0,0
9.772443110777694,-2.126042695164715,0,0
9.777444361090271,-2.1317645245454866,0,0
9.782445611402851,-2.0524187585666094,0,0
9.787446861715429,-2.127944818085506,0,0
9.792448112028007,-2.0267866648241397,0,0
9.797449362340584,-2.092602081493391,0,0
9.802450612653162,-2.078602007517429,0,0
9.807451862965742,-2.029732428635488,0,0
9.81245311327832,-2.0649572957225835,0,0
9.817454363590898,-2.0498929611509276,0,0
9.822455613903475,-2.1003122762949475,0,0
9.827456864216053,-2.0712708212579343,0,0
9.832458114528633,-2.0801347753059085,0,0
9.83745936484121,-2.1079405869174668,0,0
9.842460615153788,-2.087524917228128,0,0
9.847461865466366,-2.1027663429635313,0,0
9.852463115778944,-2.1015532325458084,0,0
9.857464366091522,-2.1074103680289205,0,0
9.862465616404101,-2.1217678247426925,0,0
9.86746686671668,-2.096595353969371,0,0
9.872468117029257,-2.0997890959312757,0,0
9.877469367341835,-2.126114287996953,0,0
9.882470617654413,-2.1165187072963723,0,0
9.887471867966992,-2.0758020709475646,0,0
9.89247311827957,-2.10152876919308,0,0
9.897474368592148,-2.1835854939626564,3,0
9.902475618904726,-2.159322993655062,0,0
9.907476869217303,-2.1385394093330476,0,0
9.912478119529883,-2.1278192228169046,0,0
9.91747936984246,-2.190515953956528,0,0
9.922480620155039,-2.1396170245521393,0,0
9.927481870467616,-2.167755316599033,0,0
9.932483120780194,-2.1679462138156977,0,0
9.937484371092774,-2.17173150656605,0,0
9.942485621405352,-2.129187716418752,0,0
9.94748687171793,-2.185455887321286,0,0
9.952488122030507,-2.1479303139880157,0,0
9.957489372343085,-2.1774182597559766,0,0
9.962490622655663,-2.169709487862185,0,0
9.967491872968242,-2.165568218389006,0,0
9.97249312328082,-2.152881041081737,0,0
9.977494373593398,-2.281419734219264,0,0
9.982495623905976,-2.213885870379744,0,0
9.987496874218554,-2.151395950067252,0,0
9.992498124531133,-2.1770867712405972,0,0
9.997499374843711,-2.2514909529647453,0,0
10.002500625156289,-2.164647143893145,0,0
10.007501875468867,-2.20127169953161,0,0
10.012503125781445,-2.185975823236691,0,0
10.017504376094024,-2.163912451922175,0,0
10.022505626406602,-2.219483247590874,0,0
10.02750687671918,-2.16140907233726,0,0
10.032508127031758,-2.19567152444091,0,0
10.037509377344335,-2.177155054063493,0,0
10.042510627656913,-2.174244565546731,0,0
10.047511877969493,-2.282558895771789,0,0
10.05251312828207,-2.174436843246153,0,0
10.057514378594648,-2.204267260250465,0,0
10.062515628907226,-2.150496608467284,0,0
10.067516879219804,-2.156068832857803,0,0
10.072518129532384,-2.18531784789981,0,0
10.077519379844961,-2.2058544265071895,0,0
10.08252063015754,-2.2018935408712497,0,0
10.087521880470117,-2.1291985946969665,0,0
10.092523130782695,-2.231489917938868,0,0
10.097524381095274,-2.1505231360873807,0,0
10.102525631407852,-2.21280370979162,0,0
10.10752688172043,-2.1587642663646056,0,0
10.112528132033008,-2.2006662114426003,0,0
10.117529382345586,-2.1542734775713197,0,0
10.122530632658163,-2.2363570939307804,0,0
10.127531882970743,-2.233531199547347,0,0
10.13253313328332,-2.172780064681552,0,0
10.137534383595899,-2.18936120443076,0,0
10.142535633908476,-2.226580391484965,0,0
10.147536884221054,-2.178510162157743,0,0
10.152538134533634,-2.208287661345673,0,0
10.157539384846212,-2.1563573377305585,0,0
10.16254063515879,-2.2216977103090594,0,0
10.167541885471367,-2.208500800894288,0,0
10.172543135783945,-2.2297875782763943,0,0
10.177544386096525,-2.2509955018145753,0,0
10.182545636409102,-2.2115643548323956,0,0
10.18754688672168,-2.220475296886777,0,0
10.192548137034258,-2.201240477570389,0,0
10.197549387346836,-2.1770062418641913,0,0
10.202550637659414,-2.2005163794770968,0,0
10.207551887971993,-2.2469367366707216,0,0
10.212553138284571,-2.199424817156733,0,0
10.217554388597149,-2.210804337423415,0,0
10.222555638909727,-2.2134895701053194,0,0
10.227556889222305,-2.2079942399549113,0,0
10.232558139534884,-2.2532660103865054,0,0
10.237559389847462,-2.1536121751653794,0,0
10.24256064016004,-2.203847939905442,0,0
10.247561890472618,-2.2593319809847388,0,0
10.252563140785195,-2.195143317869369,0,0
10.257564391097775,-2.248298146792122,0,0
10.262565641410353,-2.2816318968823293,0,0
10.26756689172293,-2.285890669105873,0,0
10.272568142035508,-2.241200784697754,0,0
10.277569392348086,-2.191157009641371,0,0
10.282570642660666,-2.2172885918196448,0,0
10.287571892973244,-2.186783535581409,0,0
10.292573143285821,-2.2440597607893737,0,0
10.2975743935984,-2.269423425511666,0,0
10.302575643910977,-2.2954722113567834,0,0
10.307576894223555,-2.1777643349456204,0,0
10.312578144536134,-2.2627330280873847,0,0
10.317579394848712,-2.252619395941978,0,0
10.32258064516129,-2.3099397869785525,0,0
10.327581895473868,-2.2564953233483287,0,0
10.332583145786446,-2.252516591291934,0,0
10.337584396099025,-2.2088296976182673,0,0
10.342585646411603,-2.2387680061522204,0,0
10.34758689672418,-2.267068448765258,0,0
10.352588147036759,-2.1997719696222995,0,0
10.357589397349336,-2.2987212294431436,0,0
10.362590647661916,-2.2735449212082663,0,0
10.367591897974494,-2.266836779572835,0,0
10.372593148287072,-2.244044409804093,0,0
10.37759439859965,-2.2680446650645645,0,0
10.382595648912227,-2.185130742299786,0,0
10.387596899224805,-2.2587252910287994,0,0
10.392598149537385,-2.2274342995733667,0,0
10.397599399849963,-2.266332101189577,0,0
10.40260065016254,-2.2758688664240974,0,0
10.407601900475118,-2.2042445528166255,0,0
10.412603150787696,-2.2482305055222813,0,0
10.417604401100276,-2.23687619714828,0,0
10.422605651412853,-2.262221673728536,0,0
10.427606901725431,-2.2437338560785305,0,0
10.432608152038009,-2.2799112720792403,0,0
10.437609402350587,-2.3180177017994064,0,0
10.442610652663166,-2.282178070143998,0,0
10.447611902975744,-2.2532325421266703,0,0
10.452613153288322,-2.327062019083056,0,0
10.4576144036009,-2.2344261473996303,0,0
10.462615653913478,-2.2829685272840305,0,0
10.467616904226055,-2.2540876915367134,0,0
10.472618154538635,-2.296877827090785,0,0
10.477619404851213,-2.2768514273802967,0,0
10.48262065516379,-2.2400881663068257,0,0
10.487621905476368,-2.2796001779670303,0,0
10.492623155788946,-2.2750653690799436,0,0
10.497624406101526,-2.2797877365641286,0,0
10.502625656414104,-2.3353425893127016,0,0
10.507626906726681,-2.250804166430644,0,0
10.51262815703926,-2.28831965228301,0,0
10.517629407351837,-2.19724537478878,0,0
10.522630657664417,-2.255871803815129,0,0
10.527631907976994,-2.3005863619895903,0,0
10.532633158289572,-2.250341081040937,0,0
10.53763440860215,-2.2901787629672268,0,0
10.542635658914728,-2.279872159739075,0,0
10.547636909227306,-2.256506882521709,0,0
10.552638159539885,-2.275229222589363,0,0
10.557639409852463,-2.2890058505635684,0,0
10.56264066016504,-2.319860839325293,0,0
10.567641910477619,-2.2426946285960416,0,0
10.572643160790197,-2.276143252256255,0,0
10.577644411102776,-2.3161566895589325,0,0
10.582645661415354,-2.294648947981646,0,0
10.587646911727932,-2.2977450429422204,0,0
10.59264816204051,-2.2604892133867582,0,0
10.597649412353087,-2.274469228710111,0,0
10.602650662665667,-2.309423357554783,0,0
10.607651912978245,-2.3298072612016347,0,0
10.612653163290823,-2.2881503295589716,0,0
10.6176544136034,-2.269186728745944,0,0
10.622655663915978,-2.275002561390874,0,0
10.627656914228558,-2.3349083527223864,0,0
10.632658164541136,-2.3124681715040865,0,0
10.637659414853713,-2.3099734475381695,0,0
10.642660665166291,-2.2993578618031005,0,0
10.647661915478869,-2.3544121277526315,0,0
10.652663165791447,-2.2981033231104644,0,0
10.657664416104026,-2.3466260248828044,0,0
10.662665666416604,-2.2983530818651055,0,0
10.667666916729182,-2.246357092032734,0,0
10.67266816704176,-2.277392187796093,0,0
10.677669417354338,-2.321748818769204,0,0
10.682670667666917,-2.346529389702284,0,0
10.687671917979495,-2.3306641233863963,0,0
10.692673168292073,-2.3086978142790477,0,0
10.69767441860465,-2.2637775612869775,0,0
10.702675668917228,-2.3876158939529986,0,0
10.707676919229808,-2.3341152245100742,0,0
10.712678169542386,-2.3271711726039768,0,0
10.717679419854964,-2.2941760919025014,0,0
10.722680670167541,-2.3207532792779575,0,0
10.72768192048012,-2.3558501191439745,0,0
10.732683170792697,-2.2963478947609395,0,0
10.737684421105277,-2.2408493226251203,0,0
10.742685671417854,-2.3178529472531513,0,0
10.747686921730432,-2.3283601941168293,0,0
10.75268817204301,-2.3211782956165594,0,0
10.757689422355588,-2.3464977156501767,0,0
10.762690672668167,-2.3321599388671213,0,0
10.767691922980745,-2.3166432087446185,0,0
10.772693173293323,-2.2957417300833733,0,0
10.777694423605901,-2.323178970773865,0,0
10.782695673918479,-2.39651527617471,0,0
10.787696924231058,-2.3761688451283485,0,0
10.792698174543636,-2.3285297824360613,0,0
10.797699424856214,-2.327803005204022,0,0
10.802700675168792,-2.311062831955011,0,0
10.80770192548137,-2.2994550040479806,0,0
10.812703175793947,-2.358112369342894,0,0
10.817704426106527,-2.400852350125827,0,0
10.822705676419105,-2.3478519462452483,0,0
10.827706926731683,-2.3270666125406607,0,0
10.83270817704426,-2.29036139804821,0,0
10.837709427356838,-2.315535729349536,0,0
10.842710677669418,-2.3052725529212235,0,0
10.847711927981996,-2.3518636592229734,0,0
10.852713178294573,-2.3800564147195327,0,0
10.857714428607151,-2.336939880156247,0,0
10.862715678919729,-2.351555462852118,0,0
10.867716929232309,-2.416291012458471,0,0
10.872718179544886,-2.3212465037003134,0,0
10.877719429857464,-2.3776315099066756,0,0
10.882720680170042,-2.3284767165344715,0,0
10.88772193048262,-2.3300549405088584,0,0
10.8927231807952,-2.347925005771938,0,0
10.897724431107777,-2.362522826105626,0,0
10.902725681420355,-2.325239120853979,0,0
10.907726931732933,-2.3693481069524625,0,0
10.91272818204551,-2.344311340166589,0,0
10.917729432358088,-2.3670260565687515,0,0
10.922730682670668,-2.3717436755819747,0,0
10.927731932983246,-2.388455355868268,0,0
10.932733183295824,-2.338767679019341,0,0
10.937734433608401,-2.3965679742356794,0,0
10.94273568392098,-2.3014323303925286,0,0
10.947736934233559,-2.366880105479883,0,0
10.952738184546137,-2.382477672861465,0,0
10.957739434858714,-2.4179719208089288,0,0
10.962740685171292,-2.333799249854514,0,0
10.96774193548387,-2.3239056909487035,0,0
10.97274318579645,-2.356463015803454,0,0
10.977744436109028,-2.3624298610027004,0,0
10.982745686421605,-2.3882710313842277,0,0
10.987746936734183,-2.384321239684307,0,0
10.992748187046761,-2.385687022624081,0,0
10.997749437359339,-2.3882292985790503,0,0
11.002750687671918,-2.356691427826871,0,0
11.007751937984496,-2.4196747319287844,0,0
11.012753188297074,-2.358235142553859,0,0
11.017754438609652,-2.357965096346509,0,0
11.02275568892223,-2.3960678975428022,0,0
11.02775693923481,-2.359303723590091,0,0
11.032758189547387,-2.3906543160922786,0,0
11.037759439859965,-2.4112233709128517,0,0
11.042760690172543,-2.3912762265401644,0,0
11.04776194048512,-2.3868452700835086,0,0
11.0527631907977,-2.3974088617903226,0,0
11.057764441110278,-2.3741597728619714,0,0
11.062765691422856,-2.3539673749158063,0,0
11.067766941735433,-2.3477709353075054,0,0
11.072768192048011,-2.365487262546646,0,0
11.077769442360589,-2.411478281715481,0,0
11.082770692673169,-2.3964195427938284,0,0
11.087771942985746,-2.3682700387092996,0,0
11.092773193298324,-2.398423248874745,0,0
11.097774443610902,-2.3885849719276315,0,0
11.10277569392348,-2.467035140606572,0,0
11.10777694423606,-2.428910418394691,0,0
11.112778194548637,-2.3723511573157476,0,0
11.117779444861215,-2.4039237179087025,0,0
11.122780695173793,-2.3501273503938016,0,0
11.12778194548637,-2.37039037971159,0,0
11.13278319579895,-2.3955745225418217,0,0
11.137784446111528,-2.3972712497562934,0,0
11.142785696424106,-2.363374203015335,0,0
11.147786946736684,-2.3956630898209195,0,0
11.152788197049261,-2.4244789711716206,0,0
11.15778944736184,-2.3680712960867836,0,0
11.162790697674419,-2.37675124131171,0,0
11.167791947986997,-2.3991282804929477,0,0
11.172793198299575,-2.4024026294553065,0,0
11.177794448612152,-2.3937449134763096,0,0
11.18279569892473,-2.4384565823367805,0,0
11.18779694923731,-2.407716206122911,0,0
11.192798199549888,-2.4222343023681607,0,0
11.197799449862465,-2.4193479154072994,0,0
11.202800700175043,-2.3841406777534853,0,0
11.207801950487621,-2.440641159671,0,0
11.2128032008002,-2.3600390433916445,0,0
11.217804451112778,-2.385529399356329,0,0
11.222805701425356,-2.433805567582951,0,0
11.227806951737934,-2.3684199999084297,0,0
11.232808202050512,-2.4447367999766665,0,0
11.237809452363091,-2.4046723066047857,0,0
11.24281070267567,-2.42721046764049,0,0
11.247811952988247,-2.368112186253294,0,0
11.252813203300825,-2.405226931502826,0,0
11.257814453613403,-2.393846714587421,0,0
11.26281570392598,-2.4186681105116072,0,0
11.26781695423856,-2.400417680684644,0,0
11.272818204551138,-2.4066781413785074,0,0
11.277819454863716,-2.4186612374340766,0,0
11.282820705176293,-2.430416764980458,0,0
11.287821955488871,-2.444002034488763,0,0
11.29282320580145,-2.451729252431187,0,0
11.297824456114029,-2.4224900378709187,0,0
11.302825706426606,-2.479648547848159,0,0
11.307826956739184,-2.404073300809589,0,0
11.312828207051762,-2.4380906195227534,0,0
11.317829457364342,-2.4392086395473513,0,0
11.32283070767692,-2.385130812871907,0,0
11.327831957989497,-2.4246956364081593,0,0
11.332833208302075,-2.4426203573459877,0,0
11.337834458614653,-2.4448935188899736,0,0
11.34283570892723,-2.3941855170258357,0,0
11.34783695923981,-2.3759323611327967,0,0
11.352838209552388,-2.4282502435227658,0,0
11.357839459864966,-2.4296359258926867,0,0
11.362840710177544,-2.4453503349974435,0,0
11.367841960490122,-2.4357746116854466,0,0
11.372843210802701,-2.4607867457834804,0,0
11.377844461115279,-2.4181558646132713,0,0
11.382845711427857,-2.4989778435771663,0,0
11.387846961740435,-2.442089656065351,0,0
11.392848212053012,-2.431320130605372,0,0
11.397849462365592,-2.4428154652298555,0,0
11.40285071267817,-2.4192412479038308,0,0
11.407851962990748,-2.4199535447030214,0,0
11.412853213303325,-2.50505096078907,0,0
11.417854463615903,-2.4920292953314753,0,0
11.422855713928481,-2.4499141040664862,0,0
11.42785696424106,-2.5097146481357226,0,0
11.432858214553638,-2.4772427341943013,0,0
11.437859464866216,-2.4890265544685284,0,0
11.442860715178794,-2.4298055188795282,0,0
11.447861965491372,-2.491320269091684,0,0
11.452863215803951,-2.445249262989584,0,0
11.45786446611653,-2.433172772221731,0,0
11.462865716429107,-2.5002586745712905,0,0
11.467866966741685,-2.4795017532934844,0,0
11.472868217054263,-2.4962550328580497,0,0
11.477869467366842,-2.486401554828085,0,0
11.48287071767942,-2.4768093119049692,0,0
11.487871967991998,-2.426889983873306,0,0
11.492873218304576,-2.4750226012075025,0,0
11.497874468617153,-2.4499566931825356,0,0
11.502875718929731,-2.4576597063248835,0,0
11.50787696924231,-2.461091380528342,0,0
11.512878219554889,-2.4698575167246433,0,0
11.517879469867466,-2.474297756842284,0,0
11.522880720180044,-2.4487237778061504,0,0
11.527881970492622,-2.4953837699457035,0,0
11.532883220805202,-2.4946514125389485,0,0
11.53788447111778,-2.491732581531074,0,0
11.542885721430357,-2.500863547431498,0,0
11.547886971742935,-2.4350646752273155,0,0
11.552888222055513,-2.4975909301915906,0,0
11.557889472368092,-2.479523095576106,0,0
11.56289072268067,-2.504234551387788,0,0
11.567891972993248,-2.484008959791346,0,0
11.572893223305826,-2.4745172817208365,0,0
11.577894473618404,-2.461511954682884,0,0
11.582895723930983,-2.5094485470687244,0,0
11.587896974243561,-2.5041766981559115,0,0
11.592898224556139,-2.483496174342992,0,0
11.597899474868717,-2.5159553644492525,0,0
11.602900725181295,-2.4916638269638383,0,0
11.607901975493872,-2.492664947038885,0,0
11.612903225806452,-2.435200556336941,0,0
11.61790447611903,-2.513309192891635,0,0
11.622905726431608,-2.506584369537713,0,0
11.627906976744185,-2.5225735802391958,0,0
11.632908227056763,-2.474316900827837,0,0
11.637909477369343,-2.535932383522471,0,0
11.64291072768192,-2.535178723154593,0,0
11.647911977994498,-2.5030438877607213,0,0
11.652913228307076,-2.5066627535314496,0,0
11.657914478619654,-2.4546018001607655,0,0
11.662915728932234,-2.519772301645892,0,0
11.667916979244811,-2.510445916923979,0,0
11.67291822955739,-2.4780813445481087,0,0
11.677919479869967,-2.515101749025867,0,0
11.682920730182545,-2.521256038632784,0,0
11.687921980495123,-2.50467460807325,0,0
11.692923230807702,-2.452534166797635,0,0
11.69792448112028,-2.519901291206617,0,0
11.702925731432858,-2.504462516443139,0,0
11.707926981745436,-2.5091279140012066,0,0
11.712928232058013,-2.47976396905137,0,0
11.717929482370593,-2.5445428480223997,0,0
11.72293073268317,-2.4768357058057555,0,0
11.727931982995749,-2.5149841109750737,0,0
11.732933233308326,-2.532257948887505,0,0
11.737934483620904,-2.4987954966460775,0,0
11.742935733933484,-2.531195226955598,0,0
11.747936984246062,-2.528782150007647,0,0
11.75293823455864,-2.5537042074685865,0,0
11.757939484871217,-2.5049251285073377,0,0
11.762940735183795,-2.493502690575814,0,0
11.767941985496373,-2.535334644552264,0,0
11.772943235808953,-2.5731006433815975,0,0
11.77794448612153,-2.527985413240034,0,0
11.782945736434108,-2.5095281930433972,0,0
11.787946986746686,-2.493908831824952,0,0
11.792948237059264,-2.498061963098428,0,0
11.797949487371843,-2.5403900798031325,0,0
11.802950737684421,-2.569408435817759,0,0
11.807951987996999,-2.4727313588991464,0,0
11.812953238309577,-2.5200145439266994,0,0
11.817954488622155,-2.538217197231138,0,0
11.822955738934734,-2.5440324577063476,0,0
11.827956989247312,-2.5131172614950748,0,0
11.83295823955989,-2.5018727931732894,0,0
11.837959489872468,-2.5443900917548725,0,0
11.842960740185045,-2.5354267642094417,0,0
11.847961990497625,-2.508582904639957,0,0
11.852963240810203,-2.5134063680455,0,0
11.85796449112278,-2.4768724858041478,0,0
11.862965741435358,-2.567833891802102,0,0
11.867966991747936,-2.5000008445750237,0,0
11.872968242060514,-2.536335795900344,0,0
11.877969492373094,-2.5992653757413353,0,0
11.882970742685671,-2.49981576565991,0,0
11.88797199299825,-2.5538662182705427,0,0
11.892973243310827,-2.49266311320348,0,0
11.897974493623405,-2.530034385618572,0,0
11.902975743935984,-2.537409523609906,0,0
11.907976994248562,-2.511228776127463,0,0
11.91297824456114,-2.5452126741290773,0,0
11.917979494873718,-2.4952597699694326,0,0
11.922980745186296,-2.5292358503831043,0,0
11.927981995498875,-2.608484328963047,0,0
11.932983245811453,-2.5508719162066193,0,0
11.937984496124031,-2.539554476314619,0,0
11.942985746436609,-2.5460003693160176,0,0
11.947986996749187,-2.5173616315544827,0,0
11.952988247061764,-2.53816063028121,0,0
11.957989497374344,-2.6027145885611085,0,0
11.962990747686922,-2.5662788664623704,0,0
11.9679919979995,-2.5670265014935763,0,0
11.972993248312077,-2.517590526286228,0,0
11.977994498624655,-2.572584533435372,0,0
11.982995748937235,-2.558738876166379,0,0
11.987996999249813,-2.5949867802679636,0,0
11.99299824956239,-2.54994185522657,0,0
11.997999499874968,-2.5255907437658824,0,0
12.003000750187546,-2.559233568443238,0,0
12.008002000500126,-2.5670885479989836,0,0
12.013003250812703,-2.498435679515064,0,0
12.018004501125281,-2.5350442585083046,0,0
12.023005751437859,-2.564569626474367,0,0
12.028007001750437,-2.5567689059994305,0,0
12.033008252063015,-2.605092021131212,0,0
12.038009502375594,-2.579035824755877,0,0
12.043010752688172,-2.540269688813981,0,0
12.04801200300075,-2.5559779459322556,0,0
12.053013253313328,-2.5864612415083865,0,0
12.058014503625905,-2.5625258998567766,0,0
12.063015753938485,-2.587686639237825,0,0
12.068017004251063,-2.6166862893056724,0,0
12.07301825456364,-2.5758312958942735,0,0
12.078019504876218,-2.5621949623436655,0,0
12.083020755188796,-2.643194650445785,0,0
12.088022005501376,-2.5769349816592353,0,0
12.093023255813954,-2.5314524898074406,0,0
12.098024506126531,-2.5609492244314533,0,0
12.10302575643911,-2.5923365016492217,0,0
12.108027006751687,-2.552761711078113,0,0
12.113028257064265,-2.6158979213074147,0,0
12.118029507376844,-2.64639528353916,0,0
12.123030757689422,-2.5356090768933157,0,0
12.128032008002,-2.660402611957057,0,0
12.133033258314578,-2.612432331132597,0,0
12.138034508627156,-2.5909486808174256,0,0
12.143035758939735,-2.5884025907319934,0,0
12.148037009252313,-2.5818561589193703,0,0
12.153038259564891,-2.5063497710696128,0,0
12.158039509877469,-2.5709720035054264,0,0
12.163040760190047,-2.5720346670810237,0,0
12.168042010502626,-2.5945919703408347,0,0
12.173043260815204,-2.6227116203719,0,0
12.178044511127782,-2.5561272651743683,0,0
12.18304576144036,-2.621968476147995,0,0
12.188047011752937,-2.5776381831140793,0,0
12.193048262065517,-2.5640511837288793,0,0
12.198049512378095,-2.6518111096985457,0,0
12.203050762690673,-2.628690804477905,0,0
12.20805201300325,-2.601765675014797,0,0
12.213053263315828,-2.5986419090876924,0,0
12.218054513628406,-2.62743309103705,0,0
12.223055763940986,-2.623074725192601,0,0
12.228057014253563,-2.6208310720391466,0,0
12.233058264566141,-2.573719332034177,0,0
12.238059514878719,-2.5894465433025156,0,0
12.243060765191297,-2.6109583016806406,0,0
12.248062015503876,-2.6139723460965447,0,0
12.253063265816454,-2.60922585931672,0,0
12.258064516129032,-2.5839678387325886,0,0
12.26306576644161,-2.631244148867663,0,0
12.268067016754188,-2.620861577419877,0,0
12.273068267066767,-2.65565230652089,0,0
12.278069517379345,-2.6241695945379466,0,0
12.283070767691923,-2.643526967665037,0,0
12.2880720180045,-2.6526216018932245,0,0
12.293073268317078,-2.640466778707766,0,0
12.298074518629656,-2.6432443548361575,0,0
12.303075768942236,-2.6538177749787373,0,0
12.308077019254814,-2.6663906893439644,0,0
12.313078269567391,-2.6403056078798075,0,0
12.31807951987997,-2.558439335989551,0,0
12.323080770192547,-2.6146416888106145,0,0
12.328082020505127,-2.645119324751487,0,0
12.333083270817705,-2.5806017557276526,0,0
12.338084521130282,-2.6590038821576414,0,0
12.34308577144286,-2.625840558997263,0,0
12.348087021755438,-2.6672233629469138,0,0
12.353088272068018,-2.6365411498567046,0,0
12.358089522380595,-2.647280130331947,0,0
12.363090772693173,-2.640888777684589,0,0
12.368092023005751,-2.638890074056317,0,0
12.373093273318329,-2.5883323722666827,0,0
12.378094523630907,-2.6671576685046747,0,0
12.383095773943486,-2.653935614851916,0,0
12.388097024256064,-2.635779340405792,0,0
12.393098274568642,-2.626349684843002,0,0
12.39809952488122,-2.626260245356051,0,0
12.403100775193797,-2.6673687563497994,0,0
12.408102025506377,-2.649419161393918,0,0
12.413103275818955,-2.648277202100319,0,0
12.418104526131533,-2.5952485759197224,0,0
12.42310577644411,-2.640944858734876,0,0
12.428107026756688,-2.656684956460085,0,0
12.433108277069268,-2.70703674885099,0,0
12.438109527381846,-2.6685941304668113,0,0
12.443110777694423,-2.627348399954302,0,0
12.448112028007001,-2.628249081497132,0,0
12.453113278319579,-2.6729391861848115,0,0
12.458114528632157,-2.6276102686977367,0,0
12.463115778944736,-2.67825580627374,0,0
12.468117029257314,-2.669859282090744,0,0
12.473118279569892,-2.6226449691749596,0,0
12.47811952988247,-2.6572297593340344,0,0
12.483120780195048,-2.692579389561529,0,0
12.488122030507627,-2.661406116586085,0,0
12.493123280820205,-2.7200269724818438,0,0
12.498124531132783,-2.6553092257078976,0,0
12.50312578144536,-2.731376196946744,0,0
12.508127031757938,-2.6902968950135,0,0
12.513128282070518,-2.6508670752324814,0,0
12.518129532383096,-2.6622524218291646,0,0
12.523130782695674,-2.6421427886222433,0,0
12.528132033008252,-2.7337619884424447,0,0
12.53313328332083,-2.6556463862443116,0,0
12.538134533633409,-2.7074789718556915,0,0
12.543135783945987,-2.6680043575884054,0,0
12.548137034258565,-2.65931012582858,0,0
12.553138284571142,-2.6644115488303974,0,0
12.55813953488372,-2.6038800510218034,0,0
12.563140785196298,-2.6600842637355786,0,0
12.568142035508878,-2.636966073251372,0,0
12.573143285821455,-2.665801465011063,0,0
12.578144536134033,-2.6214328463955714,0,0
12.583145786446611,-2.7079987275607285,0,0
12.588147036759189,-2.6824476250828435,0,0
12.593148287071768,-2.716801123363309,0,0
12.598149537384346,-2.6449978278295525,0,0
12.603150787696924,-2.7201234073333027,0,0
12.608152038009502,-2.715272688030692,0,0
12.61315328832208,-2.6944302108477562,0,0
12.61815453863466,-2.701011779999528,0,0
12.623155788947237,-2.6416094435668787,0,0
12.628157039259815,-2.6426239770781774,0,0
12.633158289572393,-2.6598748693511873,0,0
12.63815953988497,-2.6810689804980843,0,0
12.643160790197548,-2.661570895527416,0,0
12.648162040510128,-2.6677232198343606,0,0
12.653163290822706,-2.6614847637309627,0,0
12.658164541135283,-2.6654656224281075,0,0
12.663165791447861,-2.7139374661970668,0,0
12.668167041760439,-2.7494475678538115,0,0
12.673168292073019,-2.709185877386413,0,0
12.678169542385596,-2.724304079187554,0,0
12.683170792698174,-2.695546468881999,0,0
12.688172043010752,-2.6810856710994027,0,0
12.69317329332333,-2.672298130763459,0,0
12.69817454363591,-2.6713101040320835,0,0
12.703175793948487,-2.701220272335923,0,0
12.708177044261065,-2.6751452224225063,0,0
12.713178294573643,-2.670501900367393,0,0
12.71817954488622,-2.6997054607246924,0,0
12.723180795198799,-2.7270437699976378,0,0
12.728182045511378,-2.654764088999156,0,0
12.733183295823956,-2.7115782423535473,0,0
12.738184546136534,-2.6817916823830634,0,0
12.743185796449112,-2.647995645708206,0,0
12.74818704676169,-2.6857093071465514,0,0
12.753188297074269,-2.763360341416136,0,0
12.758189547386847,-2.725216595167932,0,0
12.763190797699425,-2.723355395571735,0,0
12.768192048012002,-2.6829385139720756,0,0
12.77319329832458,-2.7480806682968977,0,0
12.77819454863716,-2.7438506404612513,0,0
12.783195798949738,-2.747517624749221,0,0
12.788197049262315,-2.7772919927456323,0,0
12.793198299574893,-2.713287183402817,0,0
12.798199549887471,-2.659412304142262,0,0
12.803200800200049,-2.7622164304143237,0,0
12.808202050512628,-2.738480363057335,0,0
12.813203300825206,-2.759962293612027,0,0
12.818204551137784,-2.750181466002805,0,0
12.823205801450362,-2.7523953825706644,0,0
12.82820705176294,-2.687523979678425,0,0
12.83320830207552,-2.6750291018637076,0,0
12.838209552388097,-2.7168866031322403,0,0
12.843210802700675,-2.777806973514324,0,0
12.848212053013253,-2.684134292890467,0,0
12.85321330332583,-2.7580912726077567,0,0
12.85821455363841,-2.7113056614194204,0,0
12.863215803950988,-2.725148574420713,0,0
12.868217054263566,-2.7121202722114868,0,0
12.873218304576143,-2.7208470266725246,0,0
12.878219554888721,-2.7147712572035125,0,0
12.8832208052013,-2.6947091463323263,0,0
12.888222055513879,-2.76183519253181,0,0
12.893223305826456,-2.749634076329315,0,0
12.898224556139034,-2.77487174727982,0,0
12.903225806451612,-2.7443038255837955,0,0
12.90822705676419,-2.765706443679133,0,0
12.91322830707677,-2.711348812861281,0,0
12.918229557389347,-2.717620241612975,0,0
12.923230807701925,-2.7913677127699845,0,0
12.928232058014503,-2.701388810141123,0,0
12.93323330832708,-2.7391274067040436,0,0
12.93823455863966,-2.779826276408408,0,0
12.943235808952238,-2.7329138877234604,0,0
12.948237059264816,-2.77229312048819,0,0
12.953238309577394,-2.760604441530183,0,0
12.958239559889972,-2.779320857944952,0,0
12.963240810202551,-2.7159958083601605,0,0
12.968242060515129,-2.762228112746131,0,0
12.973243310827707,-2.760078953288484,0,0
12.978244561140285,-2.76229718483222,0,0
12.983245811452862,-2.757158971569362,0,0
12.98824706176544,-2.7381274873981165,0,0
12.99324831207802,-2.7745340883274943,0,0
12.998249562390598,-2.7715325164805447,0,0
13.003250812703175,-2.7354124360895047,0,0
13.008252063015753,-2.7358075068368146,0,0
13.013253313328331,-2.79370931801776,0,0
13.01825456364091,-2.7599469445989784,0,0
13.023255813953488,-2.766410881050102,0,0
13.028257064266066,-2.7574294868159233,0,0
13.033258314578644,-2.7703307802805983,0,0
13.038259564891222,-2.7714878401783367,0,0
13.043260815203801,-2.777343765051382,0,0
13.04826206551638,-2.783335204609672,0,0
13.053263315828957,-2.7591009468082492,0,0
13.058264566141535,-2.776840236624225,0,0
13.063265816454113,-2.807328207119644,0,0
13.06826706676669,-2.7905697113268237,0,0
13.07326831707927,-2.7404473036799,0,0
13.078269567391848,-2.726397886097063,0,0
13.083270817704426,-2.838556349432605,0,0
13.088272068017003,-2.789995044153024,0,0
13.093273318329581,-2.801278004889524,0,0
13.09827456864216,-2.7872388535626293,0,0
13.103275818954739,-2.797168705738741,0,0
13.108277069267317,-2.731868682985239,0,0
13.113278319579894,-2.819976140372159,0,0
13.118279569892472,-2.817281206782073,0,0
13.123280820205052,-2.796533759959382,0,0
13.12828207051763,-2.760964775995026,0,0
13.133283320830207,-2.769313024660853,0,0
13.138284571142785,-2.7624370514740773,0,0
13.143285821455363,-2.771125596284355,0,0
13.148287071767943,-2.7735038157767407,0,0
13.15328832208052,-2.806235247381351,0,0
13.158289572393098,-2.7638517021942506,0,0
13.163290822705676,-2.7804671178902933,0,0
13.168292073018254,-2.8551022827165267,0,0
13.173293323330832,-2.7821327467857837,0,0
13.178294573643411,-2.763489579824166,0,0
13.183295823955989,-2.7603861781260064,0,0
13.188297074268567,-2.835718625352889,0,0
13.193298324581145,-2.7909609651585106,0,0
13.198299574893722,-2.730378257269603,0,0
13.203300825206302,-2.8224320423742224,0,0
13.20830207551888,-2.737235626475621,0,0
13.213303325831458,-2.8221512571485152,0,0
13.218304576144035,-2.7855173925415815,0,0
13.223305826456613,-2.8162310509241273,0,0
13.228307076769193,-2.7981336203320883,0,0
13.23330832708177,-2.789881347288818,0,0
13.238309577394348,-2.8665667107788426,0,0
13.243310827706926,-2.771569469844224,0,0
13.248312078019504,-2.783016248910807,0,0
13.253313328332082,-2.7537529585336076,0,0
13.258314578644661,-2.7640660686215375,0,0
13.26331582895724,-2.7916200017941706,0,0
13.268317079269817,-2.809696882678841,0,0
13.273318329582395,-2.840451566307269,0,0
13.278319579894973,-2.767375450557878,0,0
13.283320830207552,-2.819658562791981,0,0
13.28832208052013,-2.806135732530079,0,0
13.293323330832708,-2.818489468766887,0,0
13.298324581145286,-2.8363347681174744,0,0
13.303325831457864,-2.8134751875487836,0,0
13.308327081770443,-2.817898056530059,0,0
13.313328332083021,-2.781308176257697,0,0
13.318329582395599,-2.8424704610165814,0,0
13.323330832708177,-2.823715304671883,0,0
13.328332083020754,-2.8584340891654354,0,0
13.333333333333332,-2.817485089295725,0,0
13.338334583645912,-2.798086606627956,0,0
13.34333583395849,-2.7983534240461863,0,0
13.348337084271067,-2.8066049859356936,0,0
13.353338334583645,-2.813088731512319,0,0
13.358339584896223,-2.8583945214419484,0,0
13.363340835208803,-2.7910414131458263,0,0
13.36834208552138,-2.846268290855078,0,0
13.373343335833958,-2.800940435342549,0,0
13.378344586146536,-2.8594832375212405,0,0
13.383345836459114,-2.796011046764831,0,0
13.388347086771693,-2.8403473574991014,0,0
13.393348337084271,-2.81001495747385,0,0
13.398349587396849,-2.8710796664399196,0,0
13.403350837709427,-2.8034367648404652,0,0
13.408352088022005,-2.845227065820885,0,0
13.413353338334582,-2.829348017517825,0,0
13.418354588647162,-2.848333881073434,0,0
13.42335583895974,-2.8459650958408864,0,0
13.428357089272318,-2.814747576736956,0,0
13.433358339584895,-2.812366176204353,0,0
13.438359589897473,-2.86975472990117,0,0
13.443360840210053,-2.7958566416188413,0,0
13.44836209052263,-2.8499385372041495,0,0
13.453363340835208,-2.906428449352327,0,0
13.458364591147786,-2.8376103613021404,0,0
13.463365841460364,-2.815595724048712,0,0
13.468367091772944,-2.810723230949414,0,0
13.473368342085521,-2.8372437123013703,0,0
13.4783695923981,-2.8482824369404867,0,0
13.483370842710677,-2.8564906351894943,0,0
13.488372093023255,-2.87579724234747,0,0
13.493373343335834,-2.923463304942051,0,0
13.498374593648412,-2.88509089686154,0,0
13.50337584396099,-2.8857231082264114,0,0
13.508377094273568,-2.7921697580316955,0,0
13.513378344586146,-2.8240649044161446,0,0
13.518379594898724,-2.818360401558001,0,0
13.523380845211303,-2.8746431987413095,0,0
13.528382095523881,-2.831776123852923,0,0
13.533383345836459,-2.835383913921399,0,0
13.538384596149037,-2.9257996656063647,0,0
13.543385846461614,-2.8584188461670164,0,0
13.548387096774194,-2.9125888527713935,0,0
13.553388347086772,-2.8386008746946017,0,0
13.55838959739935,-2.8313376777254198,0,0
13.563390847711927,-2.8690755858240613,0,0
13.568392098024505,-2.8916299924820414,0,0
13.573393348337085,-2.862793542880652,0,0
13.578394598649663,-2.85075685205312,0,0
13.58339584896224,-2.863852058452184,0,0
13.588397099274818,-2.9042876986981008,0,0
13.593398349587396,-2.893498992164896,0,0
13.598399599899974,-2.8959730129592955,0,0
13.603400850212553,-2.883203069571142,0,0
13.608402100525131,-2.868506277993595,0,0
13.613403350837709,-2.811654877347224,0,0
13.618404601150287,-2.887239363313053,0,0
13.623405851462865,-2.8366474549555107,0,0
13.628407101775444,-2.8575523181571567,0,0
13.633408352088022,-2.8768847618267643,0,0
13.6384096024006,-2.8838327041806044,0,0
13.643410852713178,-2.8282696203263615,0,0
13.648412103025755,-2.862519838829338,0,0
13.653413353338335,-2.887982885601914,0,0
13.658414603650913,-2.8552191978180756,0,0
13.66341585396349,-2.930050158642793,0,0
13.668417104276068,-2.9546148164165333,0,0
13.673418354588646,-2.930320544911121,0,0
13.678419604901224,-2.922919795293341,0,0
13.683420855213804,-2.908300193998232,0,0
13.688422105526382,-2.903455831821801,0,0
13.69342335583896,-2.8740750969081796,0,0
13.698424606151537,-2.856396859536521,0,0
13.703425856464115,-2.857230287969832,0,0
13.708427106776695,-2.822026898476927,0,0
13.713428357089272,-2.8891312019795503,0,0
13.71842960740185,-2.912047282218253,0,0
13.723430857714428,-2.8637442304690777,0,0
13.728432108027006,-2.9248665104743354,0,0
13.733433358339585,-2.875500164425286,0,0
13.738434608652163,-2.9038891289037845,0,0
13.743435858964741,-2.8601084881573504,0,0
13.748437109277319,-2.8594130728989424,0,0
13.753438359589897,-2.9440460980990206,0,0
13.758439609902474,-2.9415838210537664,0,0
13.763440860215054,-2.925837888178759,0,0
13.768442110527632,-2.8551199107026677,0,0
13.77344336084021,-2.895826363575397,0,0
13.778444611152787,-2.9470827395277928,0,0
13.783445861465365,-2.867546399734191,0,0
13.788447111777945,-2.8946428396285,0,0
13.793448362090523,-2.875445803176878,0,0
13.7984496124031,-2.9271630220262335,0,0
13.803450862715678,-2.8827141447354214,0,0
13.808452113028256,-2.9118793475375093,0,0
13.813453363340836,-2.9027293035764714,0,0
13.818454613653413,-2.9692383229241988,0,0
13.823455863965991,-2.93142543345005,0,0
13.828457114278569,-2.887601783938019,0,0
13.833458364591147,-2.8853208157276886,0,0
13.838459614903726,-2.889847827720695,0,0
13.843460865216304,-2.9161401000123783,0,0
13.848462115528882,-2.915097702952535,0,0
13.85346336584146,-2.8964697165443427,0,0
13.858464616154038,-2.9260337265304814,0,0
13.863465866466615,-2.9276892014045477,0,0
13.868467116779195,-2.9101796033298855,0,0
13.873468367091773,-2.906087078135383,0,0
13.87846961740435,-2.9445148997958417,0,0
13.883470867716929,-2.8901857477478496,0,0
13.888472118029506,-2.901082892873796,0,0
13.893473368342086,-2.9250379972331824,0,0
13.898474618654664,-2.9502000841826668,0,0
13.903475868967242,-2.9089284657673593,0,0
13.90847711927982,-2.9018600896908597,0,0
13.913478369592397,-2.9341680218814012,0,0
13.918479619904977,-2.938676583888987,0,0
13.923480870217555,-2.9156353346746533,0,0
13.928482120530132,-2.937084591483126,0,0
13.93348337084271,-2.8728727994323067,0,0
13.938484621155288,-2.920942512530971,0,0
13.943485871467866,-2.9220975133116873,0,0
13.948487121780445,-2.8972072761832472,0,0
13.953488372093023,-2.917893236968852,0,0
13.958489622405601,-2.9120700267792308,0,0
13.963490872718179,-2.947270361769381,0,0
13.968492123030757,-2.941751320200185,0,0
13.973493373343336,-2.943034494324528,0,0
13.978494623655914,-2.9150311224470364,0,0
13.983495873968492,-2.9162846623776613,0,0
13.98849712428107,-2.971594958130925,0,0
13.993498374593647,-2.942067469034742,0,0
13.998499624906227,-2.9717775175960313,0,0
14.003500875218805,-2.8982346386436104,0,0
14.008502125531383,-2.950257451202987,0,0
14.01350337584396,-2.9924324295089595,0,0
14.018504626156538,-2.934047199672772,0,0
14.023505876469116,-2.979414773009707,0,0
14.028507126781696,-2.96567344428697,0,0
14.033508377094273,-2.923080908738344,0,0
14.038509627406851,-2.9328132717702307,0,0
14.043510877719429,-2.988938229530042,0,0
14.048512128032007,-2.9361074700276433,0,0
14.053513378344586,-3.0118727547418085,0,0
14.058514628657164,-2.993368150976497,0,0
14.063515878969742,-2.9744689773642334,0,0
14.06851712928232,-2.917993285350272,0,0
14.073518379594898,-2.963050215698252,0,0
14.078519629907477,-2.9474945350670945,0,0
14.083520880220055,-2.922632664729504,0,0
14.088522130532633,-2.9765627713493905,0,0
14.09352338084521,-2.9635613718322205,0,0
14.098524631157789,-2.971715436583075,0,0
14.103525881470368,-2.958902284379969,0,0
14.108527131782946,-2.929512475439089,0,0
14.113528382095524,-2.990827024263226,0,0
14.118529632408102,-3.0127432506554737,0,0
14.12353088272068,-2.9979609142366495,0,0
14.128532133033257,-2.971815446871785,0,0
14.133533383345837,-2.9637845750413114,0,0
14.138534633658415,-2.9998848296614207,0,0
14.143535883970992,-3.0105871226710814,0,0
14.14853713428357,-2.9699614286252647,0,0
14.153538384596148,-2.9388778594631706,0,0
14.158539634908728,-2.9926336138598173,0,0
14.163540885221305,-2.94546532117753,0,0
14.168542135533883,-3.0291140885192642,0,0
14.173543385846461,-3.021077571736273,0,0
14.178544636159039,-2.955607889849924,0,0
14.183545886471618,-3.0197692151242537,0,0
14.188547136784196,-2.9380664377027275,0,0
14.193548387096774,-2.9925932884972553,0,0
14.198549637409352,-3.012852491926613,0,0
14.20355088772193,-2.9812630263026625,0,0
14.208552138034507,-3.022980395522738,0,0
14.213553388347087,-2.9763397311697384,0,0
14.218554638659665,-2.9867345085073254,0,0
14.223555888972243,-3.0219527616068214,0,0
14.22855713928482,-2.9370551740618396,0,0
14.233558389597398,-3.0188947434401254,0,0
14.238559639909978,-2.9575049393865562,0,0
14.243560890222556,-3.010507262687372,0,0
14.248562140535133,-2.9499051306117354,0,0
14.253563390847711,-3.0015139964366115,0,0
14.258564641160289,-3.0247785498049367,0,0
14.263565891472869,-3.0208221914055975,0,0
14.268567141785446,-2.9719991856098984,0,0
14.273568392098024,-2.9997274122174624,0,0
14.278569642410602,-2.9424317831641904,0,0
14.28357089272318,-2.9925611661016753,0,0
14.288572143035758,-3.0112017216401785,0,0
14.293573393348337,-3.019361881488287,0,0
14.298574643660915,-3.00095248887869,0,0
14.303575893973493,-3.01218326887615,0,0
14.30857714428607,-3.0171845476820898,0,0
14.313578394598649,-3.0344035699686462,0,0
14.318579644911228,-2.9472815043397254,0,0
14.323580895223806,-3.029987724452831,0,0
14.328582145536384,-2.9740077196498222,0,0
14.333583395848962,-3.0322527249086897,0,0
14.33858464616154,-2.987968533040125,0,0
14.343585896474119,-3.0560529864513657,0,0
14.348587146786697,-2.9908491325479716,0,0
14.353588397099275,-3.008926269651601,0,0
14.358589647411852,-3.032058152599776,0,0
14.36359089772443,-3.0503507589456125,0,0
14.368592148037008,-3.0168288055476693,0,0
14.373593398349588,-3.017938126303862,0,0
14.378594648662165,-3.08060463381063,0,0
14.383595898974743,-3.0131951401616397,0,0
14.388597149287321,-3.0611056472489113,0,0
14.393598399599899,-3.038850865782968,0,0
14.398599649912478,-3.019654135634307,0,0
14.403600900225056,-2.9803665264670935,0,0
14.408602150537634,-2.9693139669151543,0,0
14.413603400850212,-3.042323528032637,0,0
14.41860465116279,-3.0570544090569447,0,0
14.42360590147537,-3.0123381347861735,0,0
14.428607151787947,-3.02761546803296,0,0
14.433608402100525,-2.9894746789591204,0,0
14.438609652413103,-2.971072326831488,0,0
14.44361090272568,-3.0264767050324255,0,0
14.44861215303826,-3.018451083966077,0,0
14.453613403350838,-3.0588193869531413,0,0
14.458614653663416,-3.061700571529829,0,0
14.463615903975994,-3.0395202843371543,0,0
14.468617154288571,-3.0704492899588636,0,0
14.47361840460115,-3.004419744138279,0,0
14.478619654913729,-3.0288798450433396,0,0
14.483620905226307,-3.012679403827322,0,0
14.488622155538884,-3.1367729753492157,0,0
14.493623405851462,-3.077443143835066,0,0
14.49862465616404,-3.0580886220702377,0,0
14.50362590647662,-3.020254651651456,0,0
14.508627156789197,-3.064592288139837,0,0
14.513628407101775,-3.03167427804003,0,0
14.518629657414353,-3.0584318627718288,0,0
14.52363090772693,-3.081120943696292,0,0
14.52863215803951,-3.0690521551697922,0,0
14.533633408352088,-3.0614212699424748,0,0
14.538634658664666,-3.0294389239480437,0,0
14.543635908977244,-3.057820379742431,0,0
14.548637159289822,-3.0128073618743176,0,0
14.5536384096024,-3.0183375357363675,0,0
14.558639659914979,-3.0527220668849178,0,0
14.563640910227557,-3.066573339720541,0,0
14.568642160540135,-3.046176958467994,0,0
14.573643410852712,-3.0520255227772597,0,0
14.57864466116529,-3.0751576993698846,0,0
14.58364591147787,-3.020184364871423,0,0
14.588647161790448,-3.0273126504019654,0,0
14.593648412103025,-3.1029559263139164,0,0
14.598649662415603,-3.0320201067869634,0,0
14.603650912728181,-3.0780369090335147,0,0
14.60865216304076,-3.0745016970683214,0,0
14.613653413353338,-3.0380131823771603,0,0
14.618654663665916,-3.0402621973731545,0,0
14.623655913978494,-3.0437375044533774,0,0
14.628657164291072,-3.068350708942617,0,0
14.63365841460365,-3.0215449868203605,0,0
14.63865966491623,-3.039099873142923,0,0
14.643660915228807,-3.0537416371616777,0,0
14.648662165541385,-3.116591728586508,0,0
14.653663415853963,-3.0095201797319464,0,0
14.65866466616654,-3.063921912126664,0,0
14.66366591647912,-3.101668119369218,0,0
14.668667166791698,-3.0807911318637706,0,0
14.673668417104276,-3.1048704567596332,0,0
14.678669667416854,-3.1136920617073134,0,0
14.683670917729431,-3.0419227321710047,0,0
14.688672168042011,-3.053343279017969,0,0
14.693673418354589,-3.036774227934985,0,0
14.698674668667167,-3.1080210159616843,0,0
14.703675918979744,-3.0691724532651867,0,0
14.708677169292322,-3.078311655485168,0,0
14.7136784196049,-3.110336401422817,0,0
14.71867966991748,-3.128120905177382,0,0
14.723680920230057,-3.142941353230973,0,0
14.728682170542635,-3.085762693215844,0,0
14.733683420855213,-3.052776175171992,0,0
14.73868467116779,-3.0940012133697556,0,0
14.74368592148037,-3.158243756912778,0,0
14.748687171792948,-3.0736702137794336,0,0
14.753688422105526,-3.091358467082715,0,0
14.758689672418104,-3.087894046639653,0,0
14.763690922730682,-3.131045941219952,0,0
14.768692173043261,-3.049752329587392,0,0
14.773693423355839,-3.051159334127576,0,0
14.778694673668417,-3.09681762234892,0,0
14.783695923980995,-3.0838725687247353,0,0
14.788697174293572,-3.113385200416814,0,0
14.793698424606152,-3.125619833852319,0,0
14.79869967491873,-3.10408283370216,0,0
14.803700925231308,-3.116850374812048,0,0
14.808702175543885,-3.11281404360743,0,0
14.813703425856463,-3.1280087898146514,0,0
14.818704676169041,-3.1267318851258294,0,0
14.82370592648162,-3.1165428830300406,0,0
14.828707176794198,-3.0867572199455107,0,0
14.833708427106776,-3.1462901672301955,0,0
14.838709677419354,-3.094537304750935,0,0
14.843710927731932,-3.1122083581922446,0,0
14.848712178044511,-3.130375092526257,0,0
14.85371342835709,-3.110905123461481,0,0
14.858714678669667,-3.0724899140051942,0,0
14.863715928982245,-3.094874240323136,0,0
14.868717179294823,-3.061472797351348,0,0
14.873718429607402,-3.0943398353332685,0,0
14.87871967991998,-3.1083309297115442,0,0
14.883720930232558,-3.1772758356600397,0,0
14.888722180545136,-3.107813630528608,0,0
14.893723430857714,-3.0783062034231023,0,0
14.898724681170291,-3.0833586543998015,0,0
14.903725931482871,-3.1340794476030864,0,0
14.908727181795449,-3.119181331997986,0,0
14.913728432108027,-3.1066443414305502,0,0
14.918729682420604,-3.133906961548078,0,0
14.923730932733182,-3.180442226376775,0,0
14.928732183045762,-3.1032703498244816,0,0
14.93373343335834,-3.127131919727824,0,0
14.938734683670917,-3.1710824863452203,0,0
14.943735933983495,-3.168927331610489,0,0
14.948737184296073,-3.1427084434251844,0,0
14.953738434608653,-3.1124052435174825,0,0
14.95873968492123,-3.163484547914282,0,0
14.963740935233808,-3.1249873246466793,0,0
14.968742185546386,-3.1732874198781245,0,0
14.973743435858964,-3.1226524359555334,0,0
14.978744686171542,-3.1187506888622623,0,0
14.983745936484121,-3.10275359700422,0,0
14.988747186796699,-3.1573245945722794,0,0
14.993748437109277,-3.07813130621042,0,0
14.998749687421855,-3.1704038903752942,0,0
15.003750937734432,-3.1482208938552527,0,0
15.008752188047012,-3.1437613932925075,0,0
15.01375343835959,-3.197672878808972,0,0
15.018754688672168,-3.178726811002755,0,0
15.023755938984745,-3.2045443669406457,0,0
15.028757189297323,-3.1749884001900077,0,0
15.033758439609903,-3.1149176796772373,0,0
15.03875968992248,-3.1358363703264978,0,0
15.043760940235058,-3.1448012722750667,0,0
15.048762190547636,-3.159012138666472,0,0
15.053763440860214,-3.1140768175114926,0,0
15.058764691172794,-3.1519432119117146,0,0
15.063765941485372,-3.209323176007427,0,0
15.06876719179795,-3.152208355799325,0,0
15.073768442110527,-3.147391092350029,0,0
15.078769692423105,-3.204434251946089,0,0
15.083770942735683,-3.113218169635829,0,0
15.088772193048262,-3.131308535012149,0,0
15.09377344336084,-3.216502315410849,0,0
15.098774693673418,-3.1907848837935973,0,0
15.103775943985996,-3.178533978915235,0,0
15.108777194298574,-3.1365649785230842,0,0
15.113778444611153,-3.1687115486086346,0,0
15.118779694923731,-3.1594112565228016,0,0
15.123780945236309,-3.156783853340129,0,0
15.128782195548887,-3.1869877480329607,0,0
15.133783445861464,-3.1574286898677495,0,0
15.138784696174044,-3.1801912601941638,0,0
15.143785946486622,-3.1744414708878996,0,0
15.1487871967992,-3.1644558194092007,0,0
15.153788447111777,-3.1979113527774,0,0
15.158789697424355,-3.1657354567161864,0,0
15.163790947736933,-3.19103826157358,0,0
15.168792198049513,-3.195530489774192,0,0
15.17379344836209,-3.1934153393170006,0,0
15.178794698674668,-3.158223114629305,0,0
15.183795948987246,-3.155089456603632,0,0
15.188797199299824,-3.166137233491191,0,0
15.193798449612403,-3.182896516196723,0,0
15.198799699924981,-3.2010444075435527,0,0
15.203800950237559,-3.159217507081968,0,0
15.208802200550137,-3.231338933474729,0,0
15.213803450862715,-3.198573134595005,0,0
15.218804701175294,-3.183405957361751,0,0
15.223805951487872,-2.7939736077626893,2,0
15.22880720180045,-3.3518921206238113,0,0
15.233808452113028,-3.372257256899478,0,0
15.238809702425606,-3.3477041232462406,0,0
15.243810952738183,-3.3150819194512375,0,0
15.248812203050763,-3.338372645343041,0,0
15.25381345336334,-3.3168539933209904,0,0
15.258814703675919,-3.3405002947761644,0,0
15.263815953988496,-3.3297866153817868,0,0
15.268817204301074,-3.3555660714714555,0,0
15.273818454613654,-3.3206570230862904,0,0
15.278819704926232,-3.393649612571507,0,0
15.28382095523881,-3.3706107399931033,0,0
15.288822205551387,-3.3116278206595062,0,0
15.293823455863965,-3.349873106202206,0,0
15.298824706176545,-3.355656409748668,0,0
15.303825956489122,-3.351778725800604,0,0
15.3088272068017,-3.36897560593161,0,0
15.313828457114278,-3.3766331166344936,0,0
15.318829707426856,-3.3045769674367764,0,0
15.323830957739434,-3.374184392498799,0,0
15.328832208052013,-3.3366373160951084,0,0
15.333833458364591,-3.3040534498285914,0,0
15.338834708677169,-3.363743905923136,0,0
15.343835958989747,-3.3886169553933034,0,0
15.348837209302324,-3.3320376135669068,0,0
15.353838459614904,-3.354651366343445,0,0
15.358839709927482,-3.3815020171451553,0,0
15.36384096024006,-3.369404367997222,0,0
15.368842210552637,-3.364847585327868,0,0
15.373843460865215,-3.345393853217696,0,0
15.378844711177795,-3.39136814570909,0,0
15.383845961490373,-3.3397925989706345,0,0
15.38884721180295,-3.3410302791494693,0,0
15.393848462115528,-3.385652457484913,0,0
15.398849712428106,-3.364245869747304,0,0
15.403850962740686,-3.386001680147108,0,0
15.408852213053263,-3.3555620130222272,0,0
15.413853463365841,-3.357781077453693,0,0
15.418854713678419,-3.301851563328789,0,0
15.423855963990997,-3.37990893833432,0,0
15.428857214303575,-3.3888548589201104,0,0
15.433858464616154,-3.3663193732567485,0,0
15.438859714928732,-3.37844015115717,0,0
15.44386096524131,-3.3775712683138406,0,0
15.448862215553888,-3.354463019729078,0,0
15.453863465866466,-3.3611709400275496,0,0
15.458864716179045,-3.328856410244439,0,0
15.463865966491623,-3.318388873805208,0,0
15.4688672168042,-3.3852573256229195,0,0
15.473868467116779,-3.3848151484553743,0,0
15.478869717429356,-3.3272284334558218,0,0
15.483870967741936,-3.34561573365091,0,0
15.488872218054514,-3.3961525355230644,0,0
15.493873468367092,-3.3781431249612255,0,0
15.49887471867967,-3.387496308823343,0,0
15.503875968992247,-3.3898653400008496,0,0
15.508877219304825,-3.3939614800764137,0,0
15.513878469617405,-3.4106836441484942,0,0
15.518879719929982,-3.3558319410991095,0,0
15.52388097024256,-3.3921760216768595,0,0
15.528882220555138,-3.366730699215972,0,0
15.533883470867716,-3.443727059811845,0,0
15.538884721180295,-3.3354994480301188,0,0
15.543885971492873,-3.393431612251753,0,0
15.548887221805451,-3.3779453620211233,0,0
15.553888472118029,-3.4008666801314957,0,0
15.558889722430607,-3.403678200693382,0,0
15.563890972743186,-3.390124218759274,0,0
15.568892223055764,-3.3646230199224143,0,0
15.573893473368342,-3.395972310264152,0,0
15.57889472368092,-3.372895328655146,0,0
15.583895973993497,-3.3571154339575924,0,0
15.588897224306075,-3.420001712485288,0,0
15.593898474618655,-3.4178740098865728,0,0
15.598899724931233,-3.46200016277619,0,0
15.60390097524381,-3.4146428307987806,0,0
15.608902225556388,-3.365097421899634,0,0
15.613903475868966,-3.412918351909284,0,0
15.618904726181546,-3.395038450053653,0,0
15.623905976494123,-3.404524109709194,0,0
15.628907226806701,-3.397324663228596,0,0
15.63390847711928,-3.3897994287825233,0,0
15.638909727431857,-3.4182680436123376,0,0
15.643910977744437,-3.396758587751275,0,0
15.648912228057014,-3.5005123531583404,0,0
15.653913478369592,-3.4174047424147833,0,0
15.65891472868217,-3.416453072395322,0,0
15.663915978994748,-3.4502394982194176,0,0
15.668917229307326,-3.4428633245543216,0,0
15.673918479619905,-3.4301067014213116,0,0
15.678919729932483,-3.4296969438633895,0,0
15.68392098024506,-3.415340826893708,0,0
15.688922230557639,-3.5117619878560427,0,0
15.693923480870216,-3.4229978723053835,0,0
15.698924731182796,-3.393937466373634,0,0
15.703925981495374,-3.4004172545625924,0,0
15.708927231807952,-3.3936141255970185,0,0
15.71392848212053,-3.441661847601768,0,0
15.718929732433107,-3.41155688385309,0,0
15.723930982745687,-3.4208068820167132,0,0
15.728932233058265,-3.4330681870881468,0,0
15.733933483370842,-3.4496313414438218,0,0
15.73893473368342,-3.4326915910357596,0,0
15.743935983995998,-3.4530940149147336,0,0
15.748937234308578,-3.4645330495331166,0,0
15.753938484621155,-3.4202342910528234,0,0
15.758939734933733,-3.4407018603577844,0,0
15.763940985246311,-3.4050955444331716,0,0
15.768942235558889,-3.4230735273760486,0,0
15.773943485871467,-3.3938388779177866,0,0
15.778944736184046,-3.4274807010330925,0,0
15.783945986496624,-3.364351333600368,0,0
15.788947236809202,-3.4727694602622505,0,0
15.79394848712178,-3.4453319439919925,0,0
15.798949737434357,-3.4474124144725917,0,0
15.803950987746937,-3.493928875594802,0,0
15.808952238059515,-3.451063723758514,0,0
15.813953488372093,-3.492265886707713,0,0
15.81895473868467,-3.402210640192844,0,0
15.823955988997248,-3.360003673229307,0,0
15.828957239309828,-3.433418033050994,0,0
15.833958489622406,-3.455512716457963,0,0
15.838959739934984,-3.472385977463776,0,0
15.843960990247561,-3.469139799929681,0,0
15.84896224056014,-3.429915173491145,0,0
15.853963490872717,-3.4716114689944226,0,0
15.858964741185297,-3.4127953442592482,0,0
15.863965991497874,-3.4430079126504447,0,0
15.868967241810452,-3.4721482034935622,0,0
15.87396849212303,-3.457902565260159,0,0
15.878969742435608,-3.411008662279671,0,0
15.883970992748187,-3.4276577324522206,0,0
15.888972243060765,-3.439570651330928,0,0
15.893973493373343,-3.469134293806466,0,0
15.89897474368592,-3.4109888264872157,0,0
15.903975993998499,-3.481284491785338,0,0
15.908977244311078,-3.534688261423313,0,0
15.913978494623656,-3.4605843661916666,0,0
15.918979744936234,-3.471472166268604,0,0
15.923980995248812,-3.5000411249574173,0,0
15.92898224556139,-3.427304837060213,0,0
15.933983495873967,-3.438845642364866,0,0
15.938984746186547,-3.436790211529431,0,0
15.943985996499125,-3.4983462933602567,0,0
15.948987246811702,-3.4881393430851646,0,0
15.95398849712428,-3.456935355805814,0,0
15.958989747436858,-3.4120557393075672,0,0
15.963990997749438,-3.464280588278828,0,0
15.968992248062015,-3.494216998092032,0,0
15.973993498374593,-3.4462662197870655,0,0
15.978994748687171,-3.4529099286444045,0,0
15.983995998999749,-3.4564012121659844,0,0
15.988997249312328,-3.5136210127637155,0,0
15.993998499624906,-3.4779121914987634,0,0
15.998999749937484,-3.4750266149365547,0,0
16.004001000250064,-3.4221771819498787,0,0
16.00900225056264,-3.437073102527676,0,0
16.01400350087522,-3.507339578500265,0,0
16.019004751187797,-3.4564415084673636,0,0
16.024006001500375,-3.56784950461548,0,0
16.029007251812953,-3.419134092088421,0,0
16.03400850212553,-3.4874611457612947,0,0
16.03900975243811,-3.453299931176057,0,0
16.044011002750686,-3.5114558494315853,0,0
16.049012253063264,-3.440690587446442,0,0
16.054013503375845,-3.4413264788399784,0,0
16.059014753688423,-3.486601776265463,0,0
16.064016004001,-3.47686855647641,0,0
16.06901725431358,-3.5064371833724373,0,0
16.074018504626157,-3.5413390501421356,0,0
16.079019754938734,-3.4397819683879014,0,0
16.084021005251312,-3.467829579705986,0,0
16.08902225556389,-3.481850208956289,0,0
16.094023505876468,-3.4842468262783677,0,0
16.099024756189046,-3.52252879173479,0,0
16.104026006501623,-3.5310095746533183,0,0
16.109027256814205,-3.5196578984660047,0,0
16.114028507126783,-3.4965983883900815,0,0
16.11902975743936,-3.480162580413538,0,0
16.124031007751938,-3.5282843919338163,0,0
16.129032258064516,-3.5104064789480147,0,0
16.134033508377094,-3.5598987614464357,0,0
16.13903475868967,-3.476032540202205,0,0
16.14403600900225,-3.480432817953482,0,0
16.149037259314827,-3.488936267713711,0,0
16.154038509627405,-3.4694661540748117,0,0
16.159039759939983,-3.551055110670037,0,0
16.164041010252564,-3.502005489328511,0,0
16.169042260565142,-3.475587392768849,0,0
16.17404351087772,-3.5090299107878695,0,0
16.179044761190298,-3.509353330638024,0,0
16.184046011502875,-3.507803344957277,0,0
16.189047261815453,-3.5034429734195607,0,0
16.19404851212803,-3.4620991706717947,0,0
16.19904976244061,-3.5289033070252622,0,0
16.204051012753187,-3.5467430078453024,0,0
16.209052263065765,-3.522311093985665,0,0
16.214053513378346,-3.5443094633198307,0,0
16.219054763690924,-3.549259485506299,0,0
16.2240560140035,-3.4964302782739267,0,0
16.22905726431608,-3.567221075898112,0,0
16.234058514628657,-3.5441734637717017,0,0
16.239059764941235,-3.5668271230518442,0,0
16.244061015253813,-3.5397700282970277,0,0
16.24906226556639,-3.5392833964232415,0,0
16.25406351587897,-3.5314265932450772,0,0
16.259064766191546,-3.495789635514184,0,0
16.264066016504124,-3.5418237502399874,0,0
16.269067266816705,-3.557786186328911,0,0
16.274068517129283,-3.519065698374002,0,0
16.27906976744186,-3.520951476651887,0,0
16.28407101775444,-3.5338288784601657,0,0
16.289072268067017,-3.528438927778246,0,0
16.294073518379594,-3.462257369478227,0,0
16.299074768692172,-3.578317721043641,0,0
16.30407601900475,-3.5199829114284262,0,0
16.309077269317328,-3.501077426301641,0,0
16.314078519629906,-3.5200318304464226,0,0
16.319079769942483,-3.5553775444053235,0,0
16.324081020255065,-3.505280891346022,0,0
16.329082270567643,-3.5181699986462576,0,0
16.33408352088022,-3.556713681191793,0,0
16.3390847711928,-3.473893427862984,0,0
16.344086021505376,-3.550654519496755,0,0
16.349087271817954,-3.5485171117290712,0,0
16.35408852213053,-3.5025722866397366,0,0
16.35908977244311,-3.535650522343526,0,0
16.364091022755687,-3.5579950545187957,0,0
16.369092273068265,-3.5169110132589805,0,0
16.374093523380846,-3.506673405115497,0,0
16.379094773693424,-3.491218569589209,0,0
16.384096024006002,-3.525536333747971,0,0
16.38909727431858,-3.5555163163203956,0,0
16.394098524631158,-3.5343346095613786,0,0
16.399099774943735,-3.5539503839595263,0,0
16.404101025256313,-3.5506652140591974,0,0
16.40910227556889,-3.556963851891249,0,0
16.41410352588147,-3.568249955389764,0,0
16.419104776194047,-3.579430952249484,0,0
16.424106026506625,-3.550957874748883,0,0
16.429107276819206,-3.556502154809278,0,0
16.434108527131784,-3.5759310678334857,0,0
16.43910977744436,-3.575256816216947,0,0
16.44411102775694,-3.5463962764582084,0,0
16.449112278069517,-3.5721177379085405,0,0
16.454113528382095,-3.5472120666740765,0,0
16.459114778694673,-3.576241528999543,0,0
16.46411602900725,-3.603092385041443,0,0
16.46911727931983,-3.62613549373958,0,0
16.474118529632406,-3.5755572485262244,0,0
16.479119779944988,-3.5486332605663593,0,0
16.484121030257565,-3.574975562250787,0,0
16.489122280570143,-3.598148250031662,0,0
16.49412353088272,-3.533123037615837,0,0
16.4991247811953,-3.6202599135435496,0,0
16.504126031507877,-3.57396689875053,0,0
16.509127281820454,-3.622477996908839,0,0
16.514128532133032,-3.6026534597351936,0,0
16.51912978244561,-3.563990832716812,0,0
16.524131032758188,-3.6094809460535875,0,0
16.529132283070766,-3.5804367388524505,0,0
16.534133533383347,-3.6097672590138723,0,0
16.539134783695925,-3.5808607102406795,0,0
16.544136034008503,-3.534662615345684,0,0
16.54913728432108,-3.5682309581028355,0,0
16.55413853463366,-3.54689223355747,0,0
16.559139784946236,-3.6316258536348336,0,0
16.564141035258814,-3.5653030554113267,0,0
16.56914228557139,-3.5362381565047283,0,0
16.57414353588397,-3.59976456091281,0,0
16.579144786196547,-3.5837450309241894,0,0
16.584146036509125,-3.576035960100013,0,0
16.589147286821706,-3.5718448187186103,0,0
16.594148537134284,-3.5799977066474944,0,0
16.599149787446862,-3.5925507042791556,0,0
16.60415103775944,-3.546821835310166,0,0
16.609152288072018,-3.606958416882502,0,0
16.614153538384596,-3.5786168667780855,0,0
16.619154788697173,-3.6024005462897564,0,0
16.62415603900975,-3.6194392863789324,0,0
16.62915728932233,-3.570382469085863,0,0
16.634158539634907,-3.5387740322808394,0,0
16.639159789947488,-3.667279926934517,0,0
16.644161040260066,-3.5544838941207253,0,0
16.649162290572644,-3.53598763822696,0,0
16.65416354088522,-3.565897673810078,0,0
16.6591647911978,-3.6121024335651617,0,0
16.664166041510377,-3.6093428377272256,0,0
16.669167291822955,-3.6156940377905364,0,0
16.674168542135533,-3.5942976506888766,0,0
16.67916979244811,-3.602088914910871,0,0
16.68417104276069,-3.6145964934334613,0,0
16.689172293073266,-3.629227730711952,0,0
16.694173543385848,-3.5802121774279914,0,0
16.699174793698425,-3.610601616104538,0,0
16.704176044011003,-3.555855602268476,0,0
16.70917729432358,-3.6461945317700066,0,0
16.71417854463616,-3.6171030857246613,0,0
16.719179794948737,-3.601028013557449,0,0
16.724181045261314,-3.614014114777058,0,0
16.729182295573892,-3.58147606420334,0,0
16.73418354588647,-3.594035593607053,0,0
16.739184796199048,-3.611958270476442,0,0
16.74418604651163,-3.6572214294812952,0,0
16.749187296824207,-3.65694040281859,0,0
16.754188547136785,-3.653330064003756,0,0
16.759189797449363,-3.6371816031659145,0,0
16.76419104776194,-3.6093166926993008,0,0
16.76919229807452,-3.5887593492750356,0,0
16.774193548387096,-3.6114256526451243,0,0
16.779194798699674,-3.6047392284956743,0,0
16.78419604901225,-3.597564493327939,0,0
16.78919729932483,-3.6506363180342016,0,0
16.794198549637407,-3.6568054120279267,0,0
16.79919979994999,-3.673674373461055,0,0
16.804201050262566,-3.6076149353472244,0,0
16.809202300575144,-3.61973275065663,0,0
16.814203550887722,-3.6130616026343056,0,0
16.8192048012003,-3.65560252517002,0,0
16.824206051512878,-3.6143667160740556,0,0
16.829207301825456,-3.5713372813131845,0,0
16.834208552138033,-3.664239203000202,0,0
16.83920980245061,-3.6523508743680444,0,0
16.84421105276319,-3.6423145012433964,0,0
16.849212303075767,-3.6806946076424985,0,0
16.854213553388348,-3.662708729134742,0,0
16.859214803700926,-3.627074704128252,0,0
16.864216054013504,-3.6369152931232143,0,0
16.86921730432608,-3.6513505074648305,0,0
16.87421855463866,-3.7034368208585993,0,0
16.879219804951237,-3.6879673772039894,0,0
16.884221055263815,-3.6951002344609654,0,0
16.889222305576393,-3.6276072621255424,0,0
16.89422355588897,-3.6263039326358317,0,0
16.89922480620155,-3.6626308928670164,0,0
16.90422605651413,-3.625658688422526,0,0
16.909227306826708,-3.630019425743913,0,0
16.914228557139285,-3.6832856353997645,0,0
16.919229807451863,-3.6162510751532415,0,0
16.92423105776444,-3.6260832057272605,0,0
16.92923230807702,-3.6578975086825087,0,0
16.934233558389597,-3.6316455404842767,0,0
16.939234808702174,-3.6704056950013455,0,0
16.944236059014752,-3.673348101118356,0,0
16.94923730932733,-3.6758536875657337,0,0
16.954238559639908,-3.677869821072355,0,0
16.95923980995249,-3.681302490608853,0,0
16.964241060265067,-3.6620783259210614,0,0
16.969242310577645,-3.6782169665568136,0,0
16.974243560890223,-3.6291893396247374,0,0
16.9792448112028,-3.655819410057355,0,0
16.98424606151538,-3.6992758030378337,0,0
16.989247311827956,-3.6591538233430523,0,0
16.994248562140534,-3.697854996843417,0,0
16.99924981245311,-3.6562005298144173,0,0
17.00425106276569,-3.6873802511974625,0,0
17.00925231307827,-3.6884437982272127,0,0
17.01425356339085,-3.6920434085553877,0,0
17.019254813703427,-3.6999893702794324,0,0
17.024256064016004,-3.7097499353290058,0,0
17.029257314328582,-3.686329925751475,0,0
17.03425856464116,-3.6738482494017557,0,0
17.039259814953738,-3.718446999942702,0,0
17.044261065266316,-3.691947559719726,0,0
17.049262315578893,-3.6790139555251202,0,0
17.05426356589147,-3.696042160279767,0,0
17.05926481620405,-3.6862425017772673,0,0
17.06426606651663,-3.6642023414391565,0,0
17.069267316829208,-3.652215278970247,0,0
17.074268567141786,-3.6870222718635075,0,0
17.079269817454364,-3.7272827298712747,0,0
17.08427106776694,-3.7045166502325535,0,0
17.08927231807952,-3.7444422242267748,0,0
17.094273568392097,-3.6841706802547316,0,0
17.099274818704675,-3.6895403950665813,0,0
17.104276069017253,-3.7573491096386884,0,0
17.10927731932983,-3.6588892430237867,0,0
17.11427856964241,-3.727614668777195,0,0
17.11927981995499,-3.7176662319293032,0,0
17.124281070267568,-3.691745943976101,0,0
17.129282320580145,-3.74720212807946,0,0
17.134283570892723,-3.7039724521571276,0,0
17.1392848212053,-3.6738723282529544,0,0
17.14428607151788,-3.645886436024639,0,0
17.149287321830457,-3.723246824862192,0,0
17.154288572143034,-3.6615379323270143,0,0
17.159289822455612,-3.6952171967204532,0,0
17.16429107276819,-3.7209725763816786,0,0
17.16929232308077,-3.727258263569241,0,0
17.17429357339335,-3.693354181699922,0,0
17.179294823705927,-3.6681905195355977,0,0
17.184296074018505,-3.756134193069027,0,0
17.189297324331083,-3.657350437177413,0,0
17.19429857464366,-3.633957694788723,0,0
17.19929982495624,-3.6888590075227556,0,0
17.204301075268816,-3.7183222561484808,0,0
17.209302325581394,-3.6711526409144817,0,0
17.21430357589397,-3.683469322263018,0,0
17.21930482620655,-3.7154442978109574,0,0
17.22430607651913,-3.661097785989909,0,0
17.22930732683171,-3.7646984859662167,0,0
17.234308577144287,-3.7521866164499014,0,0
17.239309827456864,-3.668527418702498,0,0
17.244311077769442,-3.7477363560760035,0,0
17.24931232808202,-3.6882305455881848,0,0
17.254313578394598,-3.762434997534585,0,0
17.259314828707176,-3.7173932252761226,0,0
17.264316079019753,-3.70942285424467,0,0
17.26931732933233,-3.7361162221164705,0,0
17.27431857964491,-3.7388577561555385,0,0
17.27931982995749,-3.7513046697683277,0,0
17.284321080270068,-3.6626312211466776,0,0
17.289322330582646,-3.786274046237844,3,0
17.294323580895224,-3.77102289098323,0,0
17.2993248312078,-3.7690086894957986,0,0
17.30432608152038,-3.7939856543285453,0,0
17.309327331832957,-3.867864627875329,0,0
17.314328582145535,-3.841691248984786,0,0
17.319329832458113,-3.7913127556103254,0,0
17.32433108277069,-3.8327852149555266,0,0
17.329332333083272,-3.775754476408343,0,0
17.33433358339585,-3.816720366100133,0,0
17.339334833708428,-3.7925533059231,0,0
17.344336084021005,-3.779132216363285,0,0
17.349337334333583,-3.8021484746169563,0,0
17.35433858464616,-3.8350502724137647,0,0
17.35933983495874,-3.7948989296295075,0,0
17.364341085271317,-3.8390253301824044,0,0
17.369342335583895,-3.820304867665941,0,0
17.374343585896472,-3.8184082340680634,0,0
17.37934483620905,-3.8087025955091574,0,0
17.38434608652163,-3.842518606669611,0,0
17.38934733683421,-3.8329726949293086,0,0
17.394348587146787,-3.82068389411864,0,0
17.399349837459365,-3.830239604765714,0,0
17.404351087771943,-3.812276501826997,0,0
17.40935233808452,-3.8679479795047533,0,0
17.4143535883971,-3.819129052556728,0,0
17.419354838709676,-3.814835762330299,0,0
17.424356089022254,-3.868077403932661,0,0
17.429357339334832,-3.8016883284415233,0,0
17.434358589647413,-3.8853010735666658,0,0
17.43935983995999,-3.806057486487817,0,0
17.44436109027257,-3.8069821092930423,0,0
17.449362340585147,-3.8321872263490686,0,0
17.454363590897724,-3.8872517793889534,0,0
17.459364841210302,-3.7733764714644504,0,0
17.46436609152288,-3.7954103387229265,0,0
17.469367341835458,-3.817867499940132,0,0
17.474368592148036,-3.8069376577401046,0,0
17.479369842460613,-3.8655497470824045,0,0
17.48437109277319,-3.8021923042385106,0,0
17.489372343085773,-3.8173522358172325,0,0
17.49437359339835,-3.7761399720726803,0,0
17.499374843710928,-3.841432086824212,0,0
17.504376094023506,-3.8532752612472465,0,0
17.509377344336084,-3.880018998538362,0,0
17.51437859464866,-3.8293664304419868,0,0
17.51937984496124,-3.853805754999874,0,0
17.524381095273817,-3.8586589509862645,0,0
17.529382345586395,-3.8831924230185866,0,0
17.534383595898973,-3.8643656386700123,0,0
17.53938484621155,-3.799631789388973,0,0
17.544386096524132,-3.8467322271689883,0,0
17.54938734683671,-3.83824065194161,0,0
17.554388597149288,-3.8555181125753895,0,0
17.559389847461865,-3.8658106526743925,0,0
17.564391097774443,-3.8264808344240633,0,0
17.56939234808702,-3.829919873029825,0,0
17.5743935983996,-3.8566584416431833,0,0
17.579394848712177,-3.8318172198444262,0,0
17.584396099024755,-3.8824083863273433,0,0
17.589397349337332,-3.8140214355187294,0,0
17.594398599649914,-3.862247756495178,0,0
17.59939984996249,-3.852097116692093,0,0
17.60440110027507,-3.8832319114621523,0,0
17.609402350587647,-3.8570241687217286,0,0
17.614403600900225,-3.889328426368772,0,0
17.619404851212803,-3.836491076649115,0,0
17.62440610152538,-3.8830086149673297,0,0
17.62940735183796,-3.8589628366960036,0,0
17.634408602150536,-3.879151975645348,0,0
17.639409852463114,-3.8628757739097836,0,0
17.644411102775692,-3.895301521216538,0,0
17.649412353088273,-3.886009146445754,0,0
17.65441360340085,-3.8543118292218326,0,0
17.65941485371343,-3.8599807075331913,0,0
17.664416104026007,-3.8578220314110787,0,0
17.669417354338584,-3.794102173177081,0,0
17.674418604651162,-3.8887898125172016,0,0
17.67941985496374,-3.9393580509846227,0,0
17.684421105276318,-3.9191226173610594,0,0
17.689422355588896,-3.866360063235402,0,0
17.694423605901473,-3.8580874635452007,0,0
17.699424856214055,-3.947175768822766,0,0
17.704426106526633,-3.9036826448920894,0,0
17.70942735683921,-3.859424628884168,0,0
17.71442860715179,-3.8395238877611875,0,0
17.719429857464366,-3.913603718273763,0,0
17.724431107776944,-8.471313335406549,4,0
17.72943235808952,-8.428104157851207,0,0
17.7344336084021,-8.279768867354747,0,0
17.739434858714677,-8.280344766309009,0,0
17.744436109027255,-8.277396591354798,0,0
17.749437359339833,-8.272705707850179,0,0
17.754438609652414,-8.371750340431822,0,0
17.759439859964992,-8.487158429571158,0,0
17.76444111027757,-8.297751381810688,0,0
17.769442360590148,-8.420160802634735,0,0
17.774443610902726,-8.487608805692435,0,0
17.779444861215303,-8.490917449602904,0,0
17.78444611152788,-8.520735704974658,0,0
17.78944736184046,-8.255528367058508,0,0
17.794448612153037,-8.472585259571467,0,0
17.799449862465615,-8.36365597875316,0,0
17.804451112778192,-8.406005794459444,0,0
17.809452363090774,-8.253625766396102,0,0
17.81445361340335,-8.413016742256355,0,0
17.81945486371593,-8.355544797298046,0,0
17.824456114028507,-8.421966136299297,0,0
17.829457364341085,-8.513371095816868,0,0
17.834458614653663,-8.332935994140014,0,0
17.83945986496624,-8.562264250836026,0,0
17.84446111527882,-8.209788033479649,0,0
17.849462365591396,-8.244744836476668,0,0
17.854463615903974,-8.358913617792977,0,0
17.859464866216555,-8.41507645303249,0,0
17.864466116529133,-8.390886226333198,0,0
17.86946736684171,-8.492780730658335,0,0
17.87446861715429,-8.545873190587056,0,0
17.879469867466867,-8.319919149445553,0,0
17.884471117779444,-8.43288681476026,0,0
17.889472368092022,-8.401646057009337,0,0
17.8944736184046,-8.374108057283493,0,0
17.899474868717178,-8.342644767446915,0,0
17.904476119029756,-8.346188001583903,0,0
17.909477369342333,-8.40414122623454,0,0
17.914478619654915,-8.370958350184326,0,0
17.919479869967493,-8.381530810969236,0,0
17.92448112028007,-8.385775646500942,0,0
17.92948237059265,-8.574423597389186,0,0
17.934483620905226,-8.366828108673957,0,0
17.939484871217804,-8.327091045898337,0,0
17.94448612153038,-8.472320503070307,0,0
17.94948737184296,-8.355811878261488,0,0
17.954488622155537,-8.372522011422225,0,0
17.959489872468115,-8.448018676047617,0,0
17.964491122780696,-8.358168124137316,0,0
17.969492373093274,-8.263633262276205,0,0
17.974493623405852,-8.445503560050886,0,0
17.97949487371843,-8.412398540713404,0,0
17.984496124031008,-8.317403929096853,0,0
17.989497374343586,-8.092536564876722,0,0
17.994498624656163,-8.471160580875166,0,0
17.99949987496874,-8.35214262744389,0,0
18.00450112528132,-8.397136814864007,0,0
18.009502375593897,-8.289914325169402,0,0
18.014503625906475,-8.364683933978226,0,0
18.019504876219056,-8.201944617859953,0,0
18.024506126531634,-8.388676078034282,0,0
18.02950737684421,-8.39535788984296,0,0
18.03450862715679,-8.443414171022715,0,0
18.039509877469367,-8.362237650323536,0,0
18.044511127781945,-8.299450863207758,0,0
18.049512378094523,-8.427387598999033,0,0
18.0545136284071,-8.196783947067852,0,0
18.05951487871968,-8.39629623354655,0,0
18.064516129032256,-8.243118967201882,0,0
18.069517379344834,-8.35401260006861,0,0
18.074518629657415,-8.241598851192848,0,0
18.079519879969993,-8.534144216610791,0,0
18.08452113028257,-8.318093545399483,0,0
18.08952238059515,-8.319647843670044,0,0
18.094523630907727,-8.38702854219492,0,0
18.099524881220304,-8.4368695858174,0,0
18.104526131532882,-8.323324219654706,0,0
18.10952738184546,-8.312479982001866,0,0
18.114528632158038,-8.557693864681562,0,0
18.119529882470616,-8.553548627967633,0,0
18.124531132783197,-8.386783598358692,0,0
18.129532383095775,-8.373078257084572,0,0
18.134533633408353,-8.317472457473258,0,0
18.13953488372093,-8.523681445400994,0,0
18.14453613403351,-8.523753701413558,0,0
18.149537384346086,-8.388838342257692,0,0
18.154538634658664,-8.353809619721709,0,0
18.15953988497124,-8.30121838403242,0,0
18.16454113528382,-8.31837416335323,0,0
18.169542385596397,-8.431764914103168,0,0
18.174543635908975,-8.490540700046957,0,0
18.179544886221557,-8.316527639594334,0,0
18.184546136534134,-8.31437836649527,0,0
18.189547386846712,-8.390297161833963,0,0
18.19454863715929,-8.377718088549667,0,0
18.199549887471868,-8.324252291744337,0,0
18.204551137784446,-8.382408802303015,0,0
18.209552388097023,-8.452155588176872,0,0
18.2145536384096,-8.552985965292503,0,0
18.21955488872218,-8.406295492894682,0,0
18.224556139034757,-8.51528050102728,0,0
18.229557389347335,-8.505319549385248,0,0
18.234558639659916,-8.545281679669426,0,0
18.239559889972494,-8.206434582177318,0,0
18.24456114028507,-8.505759282615463,0,0
18.24956239059765,-8.331290542305172,0,0
18.254563640910227,-8.348903077473238,0,0
18.259564891222805,-8.454830693422103,0,0
18.264566141535383,-8.276329605151346,0,0
18.26956739184796,-8.286071878514282,0,0
18.27456864216054,-8.38877580987254,0,0
18.279569892473116,-8.42292021241118,0,0
18.284571142785698,-8.372156078413484,0,0
18.289572393098275,-8.403335591363124,0,0
18.294573643410853,-8.41564300388546,0,0
18.29957489372343,-8.398223806541067,0,0
18.30457614403601,-8.263816564055245,0,0
18.309577394348587,-8.348170282018563,0,0
18.314578644661164,-8.402927469777252,0,0
18.319579894973742,-8.319998569663898,0,0
18.32458114528632,-8.44548928118414,0,0
18.329582395598898,-8.409376512582742,0,0
18.334583645911476,-8.431067962778886,0,0
18.339584896224057,-8.376907569919336,0,0
18.344586146536635,-8.399537763995458,0,0
18.349587396849213,-8.559643767534235,0,0
18.35458864716179,-8.436371256185453,0,0
18.35958989747437,-8.301268717669007,0,0
18.364591147786946,-8.352412355957838,0,0
18.369592398099524,-8.28873868481479,0,0
18.3745936484121,-8.340698633480732,0,0
18.37959489872468,-8.399960699587824,0,0
18.384596149037257,-8.495892018023651,0,0
18.38959739934984,-8.395689564507828,0,0
18.394598649662417,-8.3250036379306,0,0
18.399599899974994,-8.251481345450124,0,0
18.404601150287572,-8.386135745072712,0,0
18.40960240060015,-8.414956578668956,0,0
18.414603650912728,-8.37705223463646,0,0
18.419604901225306,-8.348950728683555,0,0
18.424606151537883,-8.32036564467137,0,0
18.42960740185046,-8.246176022312548,0,0
18.43460865216304,-8.311148808989605,0,0
18.439609902475617,-8.500072866555431,0,0
18.444611152788198,-8.33808864094653,0,0
18.449612403100776,-8.288436792828147,0,0
18.454613653413354,-8.494083559600814,0,0
18.45961490372593,-8.506057064401627,0,0
18.46461615403851,-8.402080178991676,0,0
18.469617404351087,-8.248551468589266,0,0
18.474618654663665,-8.173037037841189,0,0
18.479619904976243,-8.27481382103609,0,0
18.48462115528882,-8.366529705180676,0,0
18.4896224056014,-8.334457889895472,0,0
18.494623655913976,-8.401075802845291,0,0
18.499624906226558,-8.304826295763402,0,0
18.504626156539135,-8.460839996003397,0,0
18.509627406851713,-8.436448985204537,0,0
18.51462865716429,-8.545042802125689,0,0
18.51962990747687,-8.31424628030687,0,0
18.524631157789447,-8.268498153762117,0,0
18.529632408102024,-8.36762878628426,0,0
18.534633658414602,-8.350132925854025,0,0
18.53963490872718,-8.262149617291534,0,0
18.544636159039758,-8.431707398636423,0,0
18.54963740935234,-8.274934868369476,0,0
18.554638659664917,-8.369364115654774,0,0
18.559639909977495,-8.387572528139154,0,0
18.564641160290073,-8.389730914278958,0,0
18.56964241060265,-8.228611771206728,0,0
18.57464366091523,-8.50148139182063,0,0
18.579644911227806,-8.304222680854735,0,0
18.584646161540384,-8.45294935280445,0,0
18.58964741185296,-8.369022320476946,0,0
18.59464866216554,-8.508465920781884,0,0
18.599649912478117,-8.403064105730346,0,0
18.6046511627907,-8.31047586688539,0,0
18.609652413103277,-8.42782777376768,0,0
18.614653663415854,-8.412745132004597,0,0
18.619654913728432,-8.411197517875273,0,0
18.62465616404101,-8.432124476398341,0,0
18.629657414353588,-8.292979914737884,0,0
18.634658664666166,-8.387021856212256,0,0
18.639659914978743,-8.419563339370372,0,0
18.64466116529132,-8.31135790420094,0,0
18.6496624156039,-8.500821960504686,0,0
18.65466366591648,-8.386452878495703,0,0
18.659664916229058,-8.426728467318634,0,0
18.664666166541636,-8.307863563259922,0,0
18.669667416854214,-8.402836295275504,0,0
18.67466866716679,-8.341210176770833,0,0
18.67966991747937,-8.458848422364332,0,0
18.684671167791947,-8.256153976130193,0,0
18.689672418104525,-8.480768096317929,0,0
18.694673668417103,-8.386310289433913,0,0
18.69967491872968,-8.413498571982949,0,0
18.70467616904226,-8.220756311224253,0,0
18.70967741935484,-8.461995499797498,0,0
18.714678669667418,-8.308998955911527,0,0
18.719679919979995,-8.315356007988397,0,0
18.724681170292573,-8.487451636871574,0,0
18.72968242060515,-8.309145064891851,0,0
18.73468367091773,-8.338885901912624,0,0
18.739684921230307,-8.37781845062196,0,0
18.744686171542885,-8.39323227297863,0,0
18.749687421855462,-8.299916146437946,0,0
18.75468867216804,-8.454337029829892,0,0
18.759689922480618,-8.35650660314795,0,0
18.7646911727932,-8.398370243279953,0,0
18.769692423105777,-8.486533592358573,0,0
18.774693673418355,-8.564877464315044,0,0
18.779694923730933,-8.454830928269434,0,0
18.78469617404351,-8.420314630491436,0,0
18.78969742435609,-8.431129995225662,0,0
18.794698674668666,-8.392395325724985,0,0
18.799699924981244,-8.462751255418757,0,0
18.804701175293822,-8.45103537080343,0,0
18.8097024256064,-8.397493897851758,0,0
18.81470367591898,-8.388493282821544,0,0
18.81970492623156,-8.449842964985516,0,0
18.824706176544137,-8.36481760482663,0,0
18.829707426856714,-8.378564845874601,0,0
18.834708677169292,-8.327741158729781,0,0
18.83970992748187,-8.295847856451445,0,0
18.844711177794448,-8.360802385875115,0,0
18.849712428107026,-8.277151376661642,0,0
18.854713678419603,-8.413594071797329,0,0
18.85971492873218,-8.550410329210894,0,0
18.86471617904476,-8.266339424605045,0,0
18.86971742935734,-8.398876901302618,0,0
18.87471867966992,-8.493853812948936,0,0
18.879719929982496,-8.266882709187527,0,0
18.884721180295074,-8.350728212768635,0,0
18.88972243060765,-8.475263486500662,0,0
18.89472368092023,-8.318232978485801,0,0
18.899724931232807,-8.354607473703597,0,0
18.904726181545385,-8.33903245852361,0,0
18.909727431857963,-8.416816088127614,0,0
18.91472868217054,-8.382701913880867,0,0
18.919729932483122,-8.235562940600024,0,0
18.9247311827957,-8.355882408134153,0,0
18.929732433108278,-8.251658261137985,0,0
18.934733683420855,-8.378083707794858,0,0
18.939734933733433,-8.271797474214463,0,0
18.94473618404601,-8.35874338394337,0,0
18.94973743435859,-8.42229713667762,0,0
18.954738684671167,-8.493068060121889,0,0
18.959739934983745,-8.27423649159498,0,0
18.964741185296322,-8.509967812843904,0,0
18.9697424356089,-8.469659943440897,0,0
18.97474368592148,-8.247822520029858,0,0
18.97974493623406,-8.429337333451056,0,0
18.984746186546637,-8.370819761524592,0,0
18.989747436859215,-8.530816454758877,0,0
18.994748687171793,-8.230048346875574,0,0
18.99974993748437,-8.33101718151557,0,0
19.00475118779695,-8.367820083164892,0,0
19.009752438109526,-8.343144135620394,0,0
19.014753688422104,-8.391573846892424,0,0
19.019754938734682,-8.507199202775846,0,0
19.02475618904726,-8.333876092822017,0,0
19.02975743935984,-8.353988985571936,0,0
19.03475868967242,-8.40987179611496,0,0
19.039759939984997,-8.309518228748596,0,0
19.044761190297574,-8.311727250125648,0,0
19.049762440610152,-8.328384117801058,0,0
19.05476369092273,-8.290818331346479,0,0
19.059764941235308,-8.488929054736387,0,0
19.064766191547886,-8.362996338014595,0,0
19.069767441860463,-8.418542604575919,0,0
19.07476869217304,-8.428247367439585,0,0
19.079769942485623,-8.391226398397363,0,0
19.0847711927982,-8.43906057132352,0,0
19.08977244311078,-8.561527256476046,0,0
19.094773693423356,-8.330735999370114,0,0
19.099774943735934,-8.50329387352525,0,0
19.10477619404851,-8.437137058966417,0,0
19.10977744436109,-8.316308694724457,0,0
19.114778694673667,-8.398260584197358,0,0
19.119779944986245,-8.380040688750666,0,0
19.124781195298823,-8.31987723210935,0,0
19.1297824456114,-8.437001970602518,0,0
19.134783695923982,-8.276277279370786,0,0
19.13978494623656,-8.424883231327428,0,0
19.144786196549138,-8.179271098830954,0,0
19.149787446861716,-8.427117315227694,0,0
19.154788697174293,-8.336292422317374,0,0
19.15978994748687,-8.401076109333763,0,0
19.16479119779945,-8.324783371364562,0,0
19.169792448112027,-8.354108104416344,0,0
19.174793698424605,-8.369239839685244,0,0
19.179794948737182,-8.336430101587885,0,0
19.18479619904976,-8.392906248385302,0,0
19.18979744936234,-8.340546601512276,0,0
19.19479869967492,-8.313418662508901,0,0
19.199799949987497,-8.401045499646363,0,0
19.204801200300075,-8.34976636232667,0,0
19.209802450612653,-8.420476134799976,0,0
19.21480370092523,-8.446321351095369,0,0
19.21980495123781,-8.156005575317801,0,0
19.224806201550386,-8.179415083759084,0,0
19.229807451862964,-8.441289400107197,0,0
19.234808702175542,-8.393945095709341,0,0
19.239809952488123,-8.317123819347199,0,0
19.2448112028007,-8.472233323992416,0,0
19.24981245311328,-8.408073182634677,0,0
19.254813703425857,-8.53010714006918,0,0
19.259814953738434,-8.293156043388583,0,0
19.264816204051012,-8.478714346693188,0,0
19.26981745436359,-8.229676279387055,0,0
19.274818704676168,-8.271418413315168,0,0
19.279819954988746,-8.35753003430854,0,0
19.284821205301323,-8.358337717777184,0,0
19.2898224556139,-8.34309629519501,0,0
19.294823705926483,-8.255919042485926,0,0
19.29982495623906,-8.437947696078613,0,0
19.30482620655164,-8.238151234864107,0,0
19.309827456864216,-8.371115153234774,0,0
19.314828707176794,-8.405077626682731,0,0
19.31982995748937,-8.274210075194596,0,0
19.32483120780195,-8.388743781033348,0,0
19.329832458114527,-8.385670669144282,0,0
19.334833708427105,-8.460414775163947,0,0
19.339834958739683,-8.419148256537515,0,0
19.344836209052264,-8.173350480031656,0,0
19.349837459364842,-8.475058868757559,0,0
19.35483870967742,-8.405501594842661,0,0
19.359839959989998,-8.403508895473978,0,0
19.364841210302576,-8.379312307571613,0,0
19.369842460615153,-8.369728428445095,0,0
19.37484371092773,-8.484884471979088,0,0
19.37984496124031,-8.336022569946481,0,0
19.384846211552887,-8.289461034467031,0,0
19.389847461865465,-8.210232002212132,0,0
19.394848712178042,-8.46024654791344,0,0
19.399849962490624,-8.307057353150771,0,0
19.4048512128032,-8.55449210087891,0,0
19.40985246311578,-8.378369225621016,0,0
19.414853713428357,-8.35015101362162,0,0
19.419854963740935,-8.499696113147921,0,0
19.424856214053513,-8.474316031233577,0,0
19.42985746436609,-8.358650699741485,0,0
19.43485871467867,-8.365733772650419,0,0
19.439859964991246,-8.570810816195356,0,0
19.444861215303824,-8.381442216094998,0,0
19.449862465616402,-8.17847426502657,0,0
19.454863715928983,-8.366101213959055,0,0
19.45986496624156,-8.278262663743618,0,0
19.46486621655414,-8.340504793973007,0,0
19.469867466866717,-8.578623392014556,0,0
19.474868717179294,-8.393226236378958,0,0
19.479869967491872,-8.401395864484831,0,0
19.48487121780445,-8.329384657342098,0,0
19.489872468117028,-8.423741021828606,0,0
19.494873718429606,-8.463180198467036,0,0
19.499874968742184,-8.414721198402987,0,0
19.504876219054765,-8.39798953690635,0,0
19.509877469367343,-8.378292374930693,0,0
19.51487871967992,-8.488974989240456,0,0
19.5198799699925,-8.333781588788897,0,0
19.524881220305076,-8.373026329455685,0,0
19.529882470617654,-8.52627742255555,0,0
19.53488372093023,-8.360794550879737,0,0
19.53988497124281,-8.385390030051745,0,0
19.544886221555387,-8.363682798570387,0,0
19.549887471867965,-8.490889072546311,0,0
19.554888722180543,-8.399355904634943,0,0
19.559889972493124,-8.4005073949323,0,0
19.564891222805702,-8.384338451047718,0,0
19.56989247311828,-8.446088222199737,0,0
19.574893723430858,-8.193226848605294,0,0
19.579894973743436,-8.501929036444718,0,0
19.584896224056013,-8.271488248048065,0,0
19.58989747436859,-8.478864465835768,0,0
19.59489872468117,-8.45794095470981,0,0
19.599899974993747,-8.428744273417315,0,0
19.604901225306325,-8.223795287037335,0,0
19.609902475618906,-8.27003385961336,0,0
19.614903725931484,-8.423189482580945,0,0
19.61990497624406,-8.293780341584863,0,0
19.62490622655664,-8.333803101513714,0,0
19.629907476869217,-8.260977007204904,0,0
19.634908727181795,-8.293292588667,0,0
19.639909977494373,-8.38453461268345,0,0
19.64491122780695,-8.382304808468971,0,0
19.64991247811953,-8.413427488737899,0,0
19.654913728432106,-8.486810974048808,0,0
19.659914978744684,-8.48588402936526,0,0
19.664916229057265,-8.326143297926247,0,0
19.669917479369843,-8.571953900211566,0,0
19.67491872968242,-8.398051688718082,0,0
19.679919979995,-8.312080329136572,0,0
19.684921230307577,-8.428543545070006,0,0
19.689922480620154,-8.323742539217818,0,0
19.694923730932732,-8.44612569581275,0,0
19.69992498124531,-8.314320068331531,0,0
19.704926231557888,-8.502233348901878,0,0
19.709927481870466,-8.240461203946586,0,0
19.714928732183044,-8.427556037255522,0,0
19.719929982495625,-8.291875570673344,0,0
19.724931232808203,-8.496253699444829,0,0
19.72993248312078,-8.338922563102262,0,0
19.73493373343336,-8.345278515616078,0,0
19.739934983745936,-8.530907204245146,0,0
19.744936234058514,-8.289652941673072,0,0
19.74993748437109,-8.351615272356225,0,0
19.75493873468367,-8.489354647239184,0,0
19.759939984996247,-8.486193904072351,0,0
19.764941235308825,-8.525270958795971,0,0
19.769942485621407,-8.284761917641669,0,0
19.774943735933984,-8.456930228973492,0,0
19.779944986246562,-8.37249793155097,0,0
19.78494623655914,-8.388773726134591,0,0
19.789947486871718,-8.353414887494262,0,0
19.794948737184296,-8.431673495313111,0,0
19.799949987496873,-8.349411960299971,0,0
19.80495123780945,-8.230033059644391,0,0
19.80995248812203,-8.353382171346086,0,0
19.814953738434607,-8.41028640585039,0,0
19.819954988747185,-8.34239160389201,0,0
19.824956239059766,-8.405780903596796,0,0
19.829957489372344,-8.273364723496773,0,0
19.83495873968492,-8.172944223303919,0,0
19.8399599899975,-8.314177334724787,0,0
19.844961240310077,-8.29207854622007,0,0
19.849962490622655,-8.510433143684258,0,0
19.854963740935233,-8.30779607265398,0,0
19.85996499124781,-8.420205507342697,0,0
19.86496624156039,-8.533632613480998,0,0
19.869967491872966,-8.40294258684864,0,0
19.874968742185548,-8.312622050433214,0,0
19.879969992498125,-8.365776356834312,0,0
19.884971242810703,-8.309913955253633,0,0
19.88997249312328,-8.46306890741139,0,0
19.89497374343586,-8.483553396345673,0,0
19.899974993748437,-8.227998303298424,0,0
19.904976244061015,-8.348151370712914,0,0
19.909977494373592,-8.301101307898781,0,0
19.91497874468617,-8.279412148558952,0,0
19.919979994998748,-8.446209433889628,0,0
19.924981245311326,-8.407662517064509,0,0
19.929982495623907,-8.380532329658177,0,0
19.934983745936485,-8.274835187520152,0,0
19.939984996249063,-8.355881800999557,0,0
19.94498624656164,-8.211194902248748,0,0
19.94998749687422,-8.40766937920969,0,0
19.954988747186796,-8.298697666330439,0,0
19.959989997499374,-8.353789022612593,0,0
19.964991247811952,-8.259815285205622,0,0
19.96999249812453,-8.399833430435383,0,0
19.974993748437107,-8.396033626376395,0,0
19.979994998749685,-8.437098107279034,0,0
19.984996249062267,-8.224347378329103,0,0
19.989997499374844,-8.285681122148565,0,0
19.994998749687422,-8.433494210616825,0,0
20.0,-8.297872461927657,0,0
