distance_km,power_db,event_label,trace_id
0.0,-0.021750739207333194,0,0
0.005001250312578144,-0.02466479422357426,0,0
0.010002500625156289,0.005588002683766651,0,0
0.015003750937734433,-0.011089331395264409,0,0
0.020005001250312578,-0.0010480544707747504,0,0
0.02500625156289072,0.019238094603967328,0,0
0.030007501875468866,0.01847427746007769,0,0
0.03500875218804701,0.005781053730229625,0,0
0.040010002500625155,-0.023208149974732993,0,0
0.0450112528132033,-0.03354369699100559,0,0
0.05001250312578144,-0.036550788260498346,0,0
0.05501375343835959,-0.023632647278185995,0,0
0.06001500375093773,-0.016069040861998743,0,0
0.06501625406351588,-0.04490648487365401,0,0
0.07001750437609403,-0.05098353704516654,0,0
0.07501875468867217,-0.00898839097836019,0,0
0.08002000500125031,-0.07492073496628382,0,0
0.08502125531382845,-0.0258924258137488,0,0
0.0900225056264066,-0.009016687054270061,0,0
0.09502375593898474,-0.052562761768662716,0,0
0.10002500625156288,-0.05760135399973532,0,0
0.10502625656414104,-0.04824214755778901,0,0
0.11002750687671918,-0.007193265423622697,0,0
0.11502875718929732,-0.03173958028509415,0,0
0.12003000750187547,-0.0851431930820328,0,0
0.12503125781445362,-0.042966385895161496,0,0
0.13003250812703177,-0.0010596451109066568,0,0
0.1350337584396099,-0.0031757252740387265,0,0
0.14003500875218805,-0.014996563591015543,0,0
0.1450362590647662,-0.042250222770481814,0,0
0.15003750937734434,-0.09166729139956117,0,0
0.15503875968992248,-0.03244239975237583,0,0
0.16004001000250062,-0.044019701056519006,0,0
0.16504126031507876,-0.03764700869843188,0,0
0.1700425106276569,0.0051074821927618586,0,0
0.17504376094023505,-0.036861771481661185,0,0
0.1800450112528132,-0.03529289980882407,0,0
0.18504626156539133,-0.02664062603497027,0,0
0.19004751187796948,-0.05370125435944483,0,0
0.19504876219054762,-0.06714551374891216,0,0
0.20005001250312576,-0.07054665155197033,0,0
0.20505126281570393,-0.026627102119771734,0,0
0.21005251312828208,-0.03571015234778972,0,0
0.21505376344086022,-0.06674376382841073,0,0
0.22005501375343836,-0.018687146627088015,0,0
0.2250562640660165,-0.04894869825915221,0,0
0.23005751437859465,-0.09589583076099117,0,0
0.2350587646911728,-0.03872354672606439,0,0
0.24006001500375093,-0.06229512254561539,0,0
0.24506126531632907,-0.09918524343574797,0,0
0.25006251562890724,-0.0450672798266532,0,0
0.2550637659414854,-0.07208695723650052,0,0
0.26006501625406353,-0.07472337629182607,0,0
0.2650662665666417,-0.046466857216812305,0,0
0.2700675168792198,-0.13114927296952955,0,0
0.27506876719179796,-0.10490401442024869,0,0
0.2800700175043761,-0.08053124941981295,0,0
0.28507126781695424,-0.06153137346700198,0,0
0.2900725181295324,-0.0901701357419263,0,0
0.29507376844211053,-0.10132907093562721,0,0
0.30007501875468867,-0.1042108828377745,0,0
0.3050762690672668,-0.07736762136226423,0,0
0.31007751937984496,-0.05480886533636813,0,0
0.3150787696924231,-0.11977016314270122,0,0
0.32008002000500124,-0.13989210653556056,0,0
0.3250812703175794,-0.08761265807547018,0,0
0.3300825206301575,-0.09136255321053298,0,0
0.33508377094273567,-0.10838205949514129,0,0
0.3400850212553138,-0.06397099930083695,0,0
0.34508627156789196,-0.059394971176115745,0,0
0.3500875218804701,-0.10166958232737447,0,0
0.35508877219304824,-0.09628873401963638,0,0
0.3600900225056264,-0.07006495229116924,0,0
0.3650912728182045,-0.10125284341054905,0,0
0.37009252313078267,-0.1316814327853919,0,0
0.3750937734433608,-0.0928247851467742,0,0
0.38009502375593895,-0.11913534949263492,0,0
0.3850962740685171,-0.08346060927502678,0,0
0.39009752438109524,-0.10958486450829019,0,0
0.3950987746936734,-0.10131485093800065,0,0
0.4001000250062515,-0.08126852028670684,0,0
0.4051012753188297,-0.10180612972551208,0,0
0.41010252563140787,-0.11829267987719652,0,0
0.415103775943986,-0.13067653680257185,0,0
0.42010502625656415,-0.05006136679095727,0,0
0.4251062765691423,-0.06970584464791793,0,0
0.43010752688172044,-0.14922432227925392,0,0
0.4351087771942986,-0.1368984388342929,0,0
0.4401100275068767,-0.08901565107544113,0,0
0.44511127781945486,-0.12539759430659617,0,0
0.450112528132033,-0.10850238298512638,0,0
0.45511377844461115,-0.08574757414088702,0,0
0.4601150287571893,-0.10751488531535704,0,0
0.46511627906976744,-0.116465686185739,0,0
0.4701175293823456,-0.12800780740897827,0,0
0.4751187796949237,-0.11760314603900668,0,0
0.48012003000750186,-0.10462057662429496,0,0
0.48512128032008,-0.06538874286820141,0,0
0.49012253063265815,-0.086692284016719,0,0
0.4951237809452363,-0.12583642475484155,0,0
0.5001250312578145,-0.09356670982976782,0,0
0.5051262815703926,-0.11876001514762444,0,0
0.5101275318829708,-0.16792641590468865,0,0
0.5151287821955489,-0.12789510510384544,0,0
0.5201300325081271,-0.09606558186831536,0,0
0.5251312828207052,-0.14500771596646972,0,0
0.5301325331332833,-0.10024775666422099,0,0
0.5351337834458615,-0.1387385937957393,0,0
0.5401350337584396,-0.12995404379171943,0,0
0.5451362840710178,-0.1676938660606948,0,0
0.5501375343835959,-0.07106465813634605,0,0
0.5551387846961741,-0.12077753552668452,0,0
0.5601400350087522,-0.1053383944148549,0,0
0.5651412853213303,-0.15038320395604404,0,0
0.5701425356339085,-0.1819147002300348,0,0
0.5751437859464866,-0.10287494082601925,0,0
0.5801450362590648,-0.16178977339909245,0,0
0.5851462865716429,-0.09208289677228719,0,0
0.5901475368842211,-0.147988172655349,0,0
0.5951487871967992,-0.09532982221740682,0,0
0.6001500375093773,-0.16714718418310215,0,0
0.6051512878219555,-0.1994066819642969,0,0
0.6101525381345336,-0.12675493863813656,0,0
0.6151537884471118,-0.15094975387402007,0,0
0.6201550387596899,-0.1502005464368917,0,0
0.6251562890722681,-0.11986832978212761,0,0
0.6301575393848462,-0.1790047862453622,0,0
0.6351587896974243,-0.19258974542852414,0,0
0.6401600400100025,-0.19001457309186842,0,0
0.6451612903225806,-0.20663710784105338,0,0
0.6501625406351588,-0.21164140888353036,0,0
0.6551637909477369,-0.19715055022713118,0,0
0.660165041260315,-0.1890241280908877,0,0
0.6651662915728932,-0.17478270901582948,0,0
0.6701675418854713,-0.19865611486620124,0,0
0.6751687921980495,-0.16792590809039112,0,0
0.6801700425106276,-0.14270915751796656,0,0
0.6851712928232058,-0.1734093795671936,0,0
0.6901725431357839,-0.1556787280409627,0,0
0.695173793448362,-0.1969987012056761,0,0
0.7001750437609402,-0.1623747564463648,0,0
0.7051762940735183,-0.15857565222713385,0,0
0.7101775443860965,-0.1934564856781108,0,0
0.7151787946986746,-0.22157826703600558,0,0
0.7201800450112528,-0.18282540449377988,0,0
0.7251812953238309,-0.17907338650453047,0,0
0.730182545636409,-0.13769361209151687,0,0
0.7351837959489872,-0.1942406932656893,0,0
0.7401850462615653,-0.1345915421748717,0,0
0.7451862965741435,-0.2566074419093156,0,0
0.7501875468867216,-0.19560315245158308,0,0
0.7551887971992998,-0.20251056442227733,0,0
0.7601900475118779,-0.20065662328360523,0,0
0.765191297824456,-0.20643912192001543,0,0
0.7701925481370342,-0.19341099611880475,0,0
0.7751937984496123,-0.14446813866852687,0,0
0.7801950487621905,-0.19905874751551278,0,0
0.7851962990747686,-0.16042917919810604,0,0
0.7901975493873468,-0.1998760086897967,0,0
0.7951987996999249,-0.19505416857107946,0,0
0.800200050012503,-0.2700076311775961,0,0
0.8052013003250813,-0.198161164837561,0,0
0.8102025506376594,-0.18400245626980918,0,0
0.8152038009502376,-0.2369389773458895,0,0
0.8202050512628157,-0.22255393808804647,0,0
0.8252063015753939,-0.23100925722737775,0,0
0.830207551887972,-0.14411122998166165,0,0
0.8352088022005502,-0.23725212083551328,0,0
0.8402100525131283,-0.2307930269208977,0,0
0.8452113028257064,-0.2910680136085998,0,0
0.8502125531382846,-0.2586909961523205,0,0
0.8552138034508627,-0.20706609765678405,0,0
0.8602150537634409,-0.252303816706526,0,0
0.865216304076019,-0.2974701515147859,0,0
0.8702175543885972,-0.22558879470608567,0,0
0.8752188047011753,-0.215207828665919,0,0
0.8802200550137534,-0.21157732871704912,0,0
0.8852213053263316,-0.20980696153398778,0,0
0.8902225556389097,-0.23993738938293407,0,0
0.8952238059514879,-0.14024080494015426,0,0
0.900225056264066,-0.2408410905661119,0,0
0.9052263065766442,-0.21250891731118352,0,0
0.9102275568892223,-0.2644038067140811,0,0
0.9152288072018004,-0.24641209239598696,0,0
0.9202300575143786,-0.274426891866046,0,0
0.9252313078269567,-0.22406572832518745,0,0
0.9302325581395349,-0.24345647249828825,0,0
0.935233808452113,-0.2625141708613984,0,0
0.9402350587646912,-0.29334842445141945,0,0
0.9452363090772693,-0.21889919097817612,0,0
0.9502375593898474,-0.21216665857853945,0,0
0.9552388097024256,-0.21281086457536316,0,0
0.9602400600150037,-0.24129006219142335,0,0
0.9652413103275819,-0.21930550608827576,0,0
0.97024256064016,-0.21395906649289007,0,0
0.9752438109527382,-0.2269491350573593,0,0
0.9802450612653163,-0.2006945920651538,0,0
0.9852463115778944,-0.24902901217406215,0,0
0.9902475618904726,-0.23922042781101546,0,0
0.9952488122030507,-0.2914141979771888,0,0
1.000250062515629,-0.1854938348721441,0,0
1.005251312828207,-0.2707359810098828,0,0
1.0102525631407853,-0.2399268866066355,0,0
1.0152538134533633,-0.23192973636152206,0,0
1.0202550637659416,-0.2757778251903161,0,0
1.0252563140785196,-0.25404275941316684,0,0
1.0302575643910978,-0.23345053657432485,0,0
1.0352588147036759,-0.25773417661236814,0,0
1.0402600650162541,-0.26505879484188755,0,0
1.0452613153288322,-0.2665941772791401,0,0
1.0502625656414104,-0.2793571192135684,0,0
1.0552638159539884,-0.26446719216076203,0,0
1.0602650662665667,-0.2497025399706689,0,0
1.0652663165791447,-0.2481936605311326,0,0
1.070267566891723,-0.23038335177115127,0,0
1.075268817204301,-0.262395397263745,0,0
1.0802700675168793,-0.2802591742817913,0,0
1.0852713178294573,-0.24120902596759106,0,0
1.0902725681420355,-0.2569395518575331,0,0
1.0952738184546136,-0.23872768153690657,0,0
1.1002750687671918,-0.2640139714718849,0,0
1.1052763190797699,-0.2548810454716583,0,0
1.1102775693923481,-0.26021916367859527,0,0
1.1152788197049261,-0.2513407405878741,0,0
1.1202800700175044,-0.3030769981465085,0,0
1.1252813203300824,-0.27844412712450195,0,0
1.1302825706426607,-0.27117520021038055,0,0
1.1352838209552387,-0.22679937975849374,0,0
1.140285071267817,-0.28100955929056026,0,0
1.145286321580395,-0.2664517810873008,0,0
1.1502875718929733,-0.28655145283263855,0,0
1.1552888222055513,-0.34369572407443255,0,0
1.1602900725181295,-0.24672424618730343,0,0
1.1652913228307076,-0.26477558614279273,0,0
1.1702925731432858,-0.24905790063485275,0,0
1.1752938234558639,-0.3276448626319643,0,0
1.1802950737684421,-0.28009963944563326,0,0
1.1852963240810201,-0.28449647293720515,0,0
1.1902975743935984,-0.3373857881905231,0,0
1.1952988247061764,-0.2782874228136,0,0
1.2003000750187547,-0.3113501232437486,0,0
1.2053013253313327,-0.2799531324339888,0,0
1.210302575643911,-0.345013485148189,0,0
1.215303825956489,-0.3231055543829962,0,0
1.2203050762690673,-0.3192012712968218,0,0
1.2253063265816453,-0.344610109695633,0,0
1.2303075768942235,-0.2989279669268918,0,0
1.2353088272068016,-0.26292440718873633,0,0
1.2403100775193798,-0.30356331337390696,0,0
1.2453113278319579,-0.28549485184638196,0,0
1.2503125781445361,-0.2617142032029309,0,0
1.2553138284571141,-0.29014238004820403,0,0
1.2603150787696924,-0.3188498295478434,0,0
1.2653163290822704,-0.3659300922020883,0,0
1.2703175793948487,-0.2997371789662979,0,0
1.2753188297074267,-0.321108214103791,0,0
1.280320080020005,-0.32614614375182893,0,0
1.2853213303325832,-0.2921782084333433,0,0
1.2903225806451613,-0.29869575903391565,0,0
1.2953238309577395,-0.36273515391325983,0,0
1.3003250812703175,-0.3101506753534449,0,0
1.3053263315828958,-0.32816875329213663,0,0
1.3103275818954738,-0.29436626983451886,0,0
1.315328832208052,-0.32157274779161316,0,0
1.32033008252063,-0.2946401393308982,0,0
1.3253313328332084,-0.3430311040766755,0,0
1.3303325831457864,-0.33639368500140304,0,0
1.3353338334583646,-0.341869928949013,0,0
1.3403350837709427,-0.3323607006828303,0,0
1.345336334083521,-0.33535854112589564,0,0
1.350337584396099,-0.29402588807448576,0,0
1.3553388347086772,-0.3597958869692242,0,0
1.3603400850212553,-0.3293011982845337,0,0
1.3653413353338335,-0.36770093967578643,0,0
1.3703425856464115,-0.37709227906565634,0,0
1.3753438359589898,-0.35311082467314187,0,0
1.3803450862715678,-0.3814481556916795,0,0
1.385346336584146,-0.3326476057938128,0,0
1.390347586896724,-0.36085397553407955,0,0
1.3953488372093024,-0.35611804582108464,0,0
1.4003500875218804,-0.3280395433106666,0,0
1.4053513378344586,-0.29646373522872704,0,0
1.4103525881470367,-0.3596703509727639,0,0
1.415353838459615,-0.40326529094378205,0,0
1.420355088772193,-0.3581011211107197,0,0
1.4253563390847712,-0.34762966463255635,0,0
1.4303575893973492,-0.3148663351124022,0,0
1.4353588397099275,-0.3510289093998268,0,0
1.4403600900225055,-0.37718911600706495,0,0
1.4453613403350838,-0.32459088291175914,0,0
1.4503625906476618,-0.3209565880471889,0,0
1.45536384096024,-0.3600060375907672,0,0
1.460365091272818,-0.3468758819346303,0,0
1.4653663415853964,-0.3458801603921793,0,0
1.4703675918979744,-0.2808400636781216,0,0
1.4753688422105526,-0.3766894044311008,0,0
1.4803700925231307,-0.37226066149539033,0,0
1.485371342835709,-0.3640495545879496,0,0
1.490372593148287,-0.340881621785266,0,0
1.4953738434608652,-0.3722760642525878,0,0
1.5003750937734432,-0.3493316145055964,0,0
1.5053763440860215,-0.33897454569143465,0,0
1.5103775943985995,-0.308144670294697,0,0
1.5153788447111778,-0.37265839125817307,0,0
1.5203800950237558,-0.37847094839865486,0,0
1.525381345336334,-0.3802862742721392,0,0
1.530382595648912,-0.4267553627725756,0,0
1.5353838459614904,-0.4078286747697092,0,0
1.5403850962740684,-0.36949909120680907,0,0
1.5453863465866466,-0.37065528213549026,0,0
1.5503875968992247,-0.29940305191280003,0,0
1.555388847211803,-0.34069907694679136,0,0
1.560390097524381,-0.3557900615375746,0,0
1.5653913478369592,-0.3362510523762139,0,0
1.5703925981495372,-0.40044605058475735,0,0
1.5753938484621155,-0.39926157121818345,0,0
1.5803950987746935,-0.40584721314773564,0,0
1.5853963490872718,-0.3895573822443619,0,0
1.5903975993998498,-0.32194139966556384,0,0
1.595398849712428,-0.3950243763543258,0,0
1.600400100025006,-0.40750029392421344,0,0
1.6054013503375844,-0.3883143259170689,0,0
1.6104026006501626,-0.3658352569638052,0,0
1.6154038509627406,-0.37765413270742715,0,0
1.620405101275319,-0.36764784507342974,0,0
1.625406351587897,-0.43009272960143524,0,0
1.6304076019004752,-0.42119155154620047,0,0
1.6354088522130532,-0.40347165509310523,0,0
1.6404101025256315,-0.3949824171784653,0,0
1.6454113528382095,-0.35835691084622323,0,0
1.6504126031507877,-0.4378622735156147,0,0
1.6554138534633658,-0.3821750349023754,0,0
1.660415103775944,-0.4093508464634153,0,0
1.665416354088522,-0.3854275063178322,0,0
1.6704176044011003,-0.4244066968521342,0,0
1.6754188547136784,-0.4475825399894948,0,0
1.6804201050262566,-0.37207136730629914,0,0
1.6854213553388346,-0.39978828831706287,0,0
1.690422605651413,-0.46752824655291153,0,0
1.695423855963991,-0.39011043995396605,0,0
1.7004251062765692,-0.44207141457816723,0,0
1.7054263565891472,-0.41644721137587487,0,0
1.7104276069017255,-0.4150255291948378,0,0
1.7154288572143035,-0.4559190951268607,0,0
1.7204301075268817,-0.383953015864519,0,0
1.7254313578394598,-0.4338215182690435,0,0
1.730432608152038,-0.3709221591980704,0,0
1.735433858464616,-0.4062004269988527,0,0
1.7404351087771943,-0.40653191577328995,0,0
1.7454363590897723,-0.4150563576325724,0,0
1.7504376094023506,-0.36547233557328235,0,0
1.7554388597149286,-0.4559512905674312,0,0
1.7604401100275069,-0.4499251275006751,0,0
1.765441360340085,-0.4475632358525809,0,0
1.7704426106526632,-0.3947252797514509,0,0
1.7754438609652412,-0.39887841506489863,0,0
1.7804451112778195,-0.4288523552492178,0,0
1.7854463615903975,-0.4246257797859817,0,0
1.7904476119029757,-0.48297450899642763,0,0
1.7954488622155538,-0.39067637017651474,0,0
1.800450112528132,-0.4428156859376944,0,0
1.80545136284071,-0.43378737344864354,0,0
1.8104526131532883,-0.4476031212130475,0,0
1.8154538634658663,-0.42025424979805703,0,0
1.8204551137784446,-0.44740667799483935,0,0
1.8254563640910226,-0.4385811455282639,0,0
1.8304576144036009,-0.44070287917293677,0,0
1.835458864716179,-0.4597428028071466,0,0
1.8404601150287572,-0.4640331934148111,0,0
1.8454613653413352,-0.43518214242451053,0,0
1.8504626156539135,-0.43665737359134044,0,0
1.8554638659664915,-0.4273310940289301,0,0
1.8604651162790697,-0.40712469643569277,0,0
1.8654663665916478,-0.48865847373528043,0,0
1.870467616904226,-0.508009152529513,0,0
1.875468867216804,-0.4662577543442405,0,0
1.8804701175293823,-0.4172641942100137,0,0
1.8854713678419603,-0.457875656170309,0,0
1.8904726181545386,-0.5122234998340778,0,0
1.8954738684671166,-0.4112720995325558,0,0
1.9004751187796949,-0.4451469670064082,0,0
1.905476369092273,-0.5061167710691363,0,0
1.9104776194048512,-0.4874449601239942,0,0
1.9154788697174292,-0.46081344137487035,0,0
1.9204801200300075,-0.48159650571265455,0,0
1.9254813703425857,-0.47024189888787765,0,0
1.9304826206551637,-0.4518892685875456,0,0
1.935483870967742,-0.46845341039902766,0,0
1.94048512128032,-0.42814326492471966,0,0
1.9454863715928983,-0.47674715157293357,0,0
1.9504876219054763,-0.4275930374799544,0,0
1.9554888722180546,-0.49094978367357717,0,0
1.9604901225306326,-0.509595063573259,0,0
1.9654913728432108,-0.5386136541539057,0,0
1.9704926231557889,-0.5030539766726121,0,0
1.9754938734683671,-0.4755449013216079,0,0
1.9804951237809452,-0.4508376445998654,0,0
1.9854963740935234,-0.5835483000882467,0,0
1.9904976244061015,-0.48319037835598766,0,0
1.9954988747186797,-0.5122934477835343,0,0
2.000500125031258,-0.4632270419947889,0,0
2.0055013753438358,-0.5009901155699031,0,0
2.010502625656414,-0.4778594228911988,0,0
2.0155038759689923,-0.4340747988156698,0,0
2.0205051262815705,-0.48596861732266955,0,0
2.0255063765941483,-0.4955538190946832,0,0
2.0305076269067266,-0.4623210001688755,0,0
2.035508877219305,-0.48416388152073886,0,0
2.040510127531883,-0.5001465329407101,0,0
2.045511377844461,-0.5433812508566034,0,0
2.050512628157039,-0.5072016528302902,0,0
2.0555138784696174,-0.547638182255345,0,0
2.0605151287821957,-0.49303465590754597,0,0
2.0655163790947735,-0.48316852978823277,0,0
2.0705176294073517,-0.49969493810283583,0,0
2.07551887971993,-0.447674964832118,0,0
2.0805201300325082,-0.5381015658090871,0,0
2.085521380345086,-0.4929868232417639,0,0
2.0905226306576643,-0.5052849772507073,0,0
2.0955238809702426,-0.542904347883521,0,0
2.100525131282821,-0.49396438450434066,0,0
2.1055263815953986,-0.4853730574621276,0,0
2.110527631907977,-0.47781524284890897,0,0
2.115528882220555,-0.5175278048599015,0,0
2.1205301325331334,-0.4947277453139028,0,0
2.125531382845711,-0.5346431662159357,0,0
2.1305326331582894,-0.4717155536008854,0,0
2.1355338834708677,-0.4637280164265934,0,0
2.140535133783446,-0.5137510392181295,0,0
2.1455363840960238,-0.5128227737973892,0,0
2.150537634408602,-0.5525312933116464,0,0
2.1555388847211803,-0.5212249613806109,0,0
2.1605401350337585,-0.5340959451468148,0,0
2.1655413853463363,-0.5174896048497357,0,0
2.1705426356589146,-0.5674788236599653,0,0
2.175543885971493,-0.4738018070010085,0,0
2.180545136284071,-0.5221651258318439,0,0
2.185546386596649,-0.49665987339151985,0,0
2.190547636909227,-0.5154456475095103,0,0
2.1955488872218054,-0.5399628512588774,0,0
2.2005501375343837,-0.4752000459130533,0,0
2.2055513878469615,-0.5004551613315839,0,0
2.2105526381595397,-0.5792547767911951,0,0
2.215553888472118,-0.5368042900200258,0,0
2.2205551387846962,-0.5442735077622616,0,0
2.225556389097274,-0.5624942367704566,0,0
2.2305576394098523,-0.4752784632062603,0,0
2.2355588897224306,-0.5773659987720543,0,0
2.240560140035009,-0.4967198726788457,0,0
2.245561390347587,-0.594655010694666,0,0
2.250562640660165,-0.5036976049938076,0,0
2.255563890972743,-0.5615226967834911,0,0
2.2605651412853214,-0.6139679065024743,0,0
2.2655663915978996,-0.5400076206354428,0,0
2.2705676419104774,-0.5349704685072155,0,0
2.2755688922230557,-0.5776648806169644,0,0
2.280570142535634,-0.5193757732108988,0,0
2.285571392848212,-0.603133588872015,0,0
2.29057264316079,-0.5203894526680021,0,0
2.2955738934733683,-0.5376764060419061,0,0
2.3005751437859465,-0.5029183691281358,0,0
2.3055763940985248,-0.5694759078261245,0,0
2.3105776444111026,-0.5324865692584835,0,0
2.315578894723681,-0.5773794882881339,0,0
2.320580145036259,-0.5365908527881547,0,0
2.3255813953488373,-0.5549138042616351,0,0
2.330582645661415,-0.5395537191970331,0,0
2.3355838959739934,-0.6029704553702655,0,0
2.3405851462865717,-0.5512616720759509,0,0
2.34558639659915,-0.5560567146663818,0,0
2.3505876469117277,-0.5233203940464443,0,0
2.355588897224306,-0.5795806768205457,0,0
2.3605901475368842,-0.5760975220143181,0,0
2.3655913978494625,-0.5526447519542759,0,0
2.3705926481620403,-0.5573680247712057,0,0
2.3755938984746185,-0.6496101660433128,0,0
2.380595148787197,-0.5839686180880195,0,0
2.385596399099775,-0.5511563367937427,0,0
2.390597649412353,-0.5886205222403165,0,0
2.395598899724931,-0.6346470532542905,0,0
2.4006001500375094,-0.5909088859419391,0,0
2.4056014003500876,-0.5825928263934073,0,0
2.4106026506626654,-0.6119108712357176,0,0
2.4156039009752437,-0.5819508650840169,0,0
2.420605151287822,-0.6184634334518719,0,0
2.4256064016004,-0.5927395722002547,0,0
2.430607651912978,-0.5857770524204723,0,0
2.4356089022255563,-0.536449731010522,0,0
2.4406101525381345,-0.5801526918448315,0,0
2.4456114028507128,-0.5539446735145096,0,0
2.4506126531632906,-0.5866149008720415,0,0
2.455613903475869,-0.6282609792317316,0,0
2.460615153788447,-0.6300696307029113,0,0
2.4656164041010253,-0.573224903596736,0,0
2.470617654413603,-0.6458126354780029,0,0
2.4756189047261814,-0.6468695502115168,0,0
2.4806201550387597,-0.5735388857077143,0,0
2.485621405351338,-0.6260850649925515,0,0
2.4906226556639157,-0.6373056225493108,0,0
2.495623905976494,-0.5549904165774691,0,0
2.5006251562890722,-0.6314812206571018,0,0
2.5056264066016505,-0.5884669109923232,0,0
2.5106276569142283,-0.6089262957959528,0,0
2.5156289072268065,-0.6051548705570616,0,0
2.520630157539385,-0.6090396419225598,0,0
2.525631407851963,-0.5814997235194168,0,0
2.530632658164541,-0.5685921143383088,0,0
2.535633908477119,-0.6418471970002014,0,0
2.5406351587896974,-0.5696859751420014,0,0
2.5456364091022756,-0.6228959081777424,0,0
2.5506376594148534,-0.6227615530049726,0,0
2.5556389097274317,-0.5984794861488776,0,0
2.56064016004001,-0.6363107805697856,0,0
2.565641410352588,-0.6488852512033508,0,0
2.5706426606651664,-0.5773835581997567,0,0
2.5756439109777443,-0.6409723010294054,0,0
2.5806451612903225,-0.688157656808469,0,0
2.5856464116029008,-0.7243257853085417,0,0
2.590647661915479,-0.6178473137776022,0,0
2.595648912228057,-0.6331173177604302,0,0
2.600650162540635,-0.5783096001480049,0,0
2.6056514128532133,-0.6658981067046654,0,0
2.6106526631657916,-0.6684623172757624,0,0
2.6156539134783694,-0.6324316400393563,0,0
2.6206551637909477,-0.5948437162787984,0,0
2.625656414103526,-0.5937929785652617,0,0
2.630657664416104,-0.6359973649591183,0,0
2.635658914728682,-0.657408242568345,0,0
2.64066016504126,-0.6353735000464936,0,0
2.6456614153538385,-0.5951960517931656,0,0
2.6506626656664167,-0.6441174916944308,0,0
2.6556639159789945,-0.6562609503760518,0,0
2.660665166291573,-0.6307880544462556,0,0
2.665666416604151,-0.6393087004141862,0,0
2.6706676669167293,-0.6431157312317654,0,0
2.675668917229307,-0.5856905279564572,0,0
2.6806701675418854,-0.6288569655673361,0,0
2.6856714178544636,-0.6464740551534504,0,0
2.690672668167042,-0.6615345504653235,0,0
2.6956739184796197,-0.6603336670822482,0,0
2.700675168792198,-0.6383617427586178,0,0
2.705676419104776,-0.6330675164641631,0,0
2.7106776694173544,-0.6746600421919045,0,0
2.7156789197299323,-0.672660348679612,0,0
2.7206801700425105,-0.6663223550996686,0,0
2.7256814203550888,-0.6873620411102134,0,0
2.730682670667667,-0.6280110249744019,0,0
2.735683920980245,-0.6886287440177472,0,0
2.740685171292823,-0.6584722496983468,0,0
2.7456864216054013,-0.6348722811072179,0,0
2.7506876719179796,-0.6947591195280213,0,0
2.7556889222305574,-0.6920667320463465,0,0
2.7606901725431356,-0.6720586956306291,0,0
2.765691422855714,-0.6540420300080028,0,0
2.770692673168292,-0.664790675609,0,0
2.77569392348087,-0.6699287907086294,0,0
2.780695173793448,-0.635383739841416,0,0
2.7856964241060265,-0.6908915302671019,0,0
2.7906976744186047,-0.69525975926118,0,0
2.7956989247311825,-0.656869042649864,0,0
2.800700175043761,-0.6739631741407546,0,0
2.805701425356339,-0.6504619512581378,0,0
2.8107026756689173,-0.647622850203608,0,0
2.815703925981495,-0.7137451029431381,0,0
2.8207051762940734,-0.7445429711047081,0,0
2.8257064266066516,-0.666967942349417,0,0
2.83070767691923,-0.6860203107255739,0,0
2.8357089272318077,-0.6775315291649017,0,0
2.840710177544386,-0.7140293786506784,0,0
2.845711427856964,-0.664514810400596,0,0
2.8507126781695424,-0.6963388952031795,0,0
2.8557139284821202,-0.674343161664263,0,0
2.8607151787946985,-0.6648073940787748,0,0
2.8657164291072768,-0.6898782668701333,0,0
2.870717679419855,-0.6970326690492105,0,0
2.875718929732433,-0.7161629813178724,0,0
2.880720180045011,-0.6165719140043012,0,0
2.8857214303575893,-0.7387027212021561,0,0
2.8907226806701676,-0.6781654082059538,0,0
2.895723930982746,-0.7452383175129854,0,0
2.9007251812953236,-0.7261854197609828,0,0
2.905726431607902,-0.660920388969625,0,0
2.91072768192048,-0.7258795099618052,0,0
2.9157289322330584,-0.6736660567572996,0,0
2.920730182545636,-0.7178995635687906,0,0
2.9257314328582145,-0.6815306142182137,0,0
2.9307326831707927,-0.7511514400012893,0,0
2.935733933483371,-0.7440662145400406,0,0
2.940735183795949,-0.668001123547389,0,0
2.945736434108527,-0.702808661764199,0,0
2.9507376844211053,-0.7448983179881802,0,0
2.9557389347336835,-0.7296743077661701,0,0
2.9607401850462614,-0.799545567997132,0,0
2.9657414353588396,-0.7274627936610982,0,0
2.970742685671418,-0.7587876803185329,0,0
2.975743935983996,-0.749368726906381,0,0
2.980745186296574,-0.676869031797103,0,0
2.985746436609152,-0.7393039589197257,0,0
2.9907476869217304,-0.7429358012783519,0,0
2.9957489372343087,-0.758727516577235,0,0
3.0007501875468865,-0.70678260789392,0,0
3.0057514378594647,-0.7115826104718149,0,0
3.010752688172043,-0.7544610518116321,0,0
3.0157539384846213,-0.7801379287815905,0,0
3.020755188797199,-0.7381593694177544,0,0
3.0257564391097773,-0.7292891943628443,0,0
3.0307576894223556,-0.7936387934136219,0,0
3.035758939734934,-0.7013828159755695,0,0
3.0407601900475116,-0.7641083480304665,0,0
3.04576144036009,-0.7351630354930991,0,0
3.050762690672668,-0.7626871940420834,0,0
3.0557639409852464,-0.7634560961463867,0,0
3.060765191297824,-0.7140858242326029,0,0
3.0657664416104025,-0.7402316875978051,0,0
3.0707676919229807,-0.7896124745117782,0,0
3.075768942235559,-0.7352472203173256,0,0
3.0807701925481368,-0.7220508786673918,0,0
3.085771442860715,-0.7530438851679193,0,0
3.0907726931732933,-0.716970247358922,0,0
3.0957739434858715,-0.7780397857478851,0,0
3.1007751937984493,-0.7231984668621665,0,0
3.1057764441110276,-0.7462425863218547,0,0
3.110777694423606,-0.7490233423910098,0,0
3.115778944736184,-0.7142097818199177,0,0
3.120780195048762,-0.7355263808112154,0,0
3.12578144536134,-0.7670313992987569,0,0
3.1307826956739184,-0.7436804201891126,0,0
3.1357839459864967,-0.7802111627254036,0,0
3.1407851962990745,-0.7460519049374655,0,0
3.1457864466116527,-0.7231164294878797,0,0
3.150787696924231,-0.7273146186010194,0,0
3.1557889472368092,-0.7859140503378662,0,0
3.160790197549387,-0.7731723412701069,0,0
3.1657914478619653,-0.7480526506187386,0,0
3.1707926981745436,-0.7509392819035101,0,0
3.175793948487122,-0.7920578954583438,0,0
3.1807951987996996,-0.7644708553229651,0,0
3.185796449112278,-0.7605341885435161,0,0
3.190797699424856,-0.7277312461969587,0,0
3.1957989497374344,-0.7675191433562668,0,0
3.200800200050012,-0.7781826281839633,0,0
3.2058014503625905,-0.8093521031695702,0,0
3.2108027006751687,-0.8193218881664913,0,0
3.215803950987747,-0.7518681700788505,0,0
3.220805201300325,-0.7785949983840085,0,0
3.225806451612903,-0.7952792821597858,0,0
3.2308077019254813,-0.7539636584345519,0,0
3.2358089522380595,-0.7698392108238086,0,0
3.240810202550638,-0.7886964041787381,0,0
3.2458114528632156,-0.7651942466130225,0,0
3.250812703175794,-0.8001311915084169,0,0
3.255813953488372,-0.7675842159929412,0,0
3.2608152038009504,-0.7788179332539531,0,0
3.265816454113528,-0.8042258146972172,0,0
3.2708177044261064,-0.8042989523865274,0,0
3.2758189547386847,-0.8157779864356919,0,0
3.280820205051263,-0.7682210490450813,0,0
3.2858214553638407,-0.8001743980826836,0,0
3.290822705676419,-0.8278982801087134,0,0
3.2958239559889972,-0.7771093791624807,0,0
3.3008252063015755,-0.785401058732964,0,0
3.3058264566141533,-0.8006653914902906,0,0
3.3108277069267316,-0.7958562532210873,0,0
3.31582895723931,-0.8144654147053428,0,0
3.320830207551888,-0.8223053762356823,0,0
3.325831457864466,-0.7803286263557522,0,0
3.330832708177044,-0.8408112754326047,0,0
3.3358339584896224,-0.8543262029992659,0,0
3.3408352088022006,-0.8495658165284647,0,0
3.3458364591147784,-0.785252335591109,0,0
3.3508377094273567,-0.8442711673757067,0,0
3.355838959739935,-0.8218906745633515,0,0
3.360840210052513,-0.8364787239787109,0,0
3.365841460365091,-0.8466037719800216,0,0
3.3708427106776693,-0.8225072646557963,0,0
3.3758439609902475,-0.8224084930265902,0,0
3.380845211302826,-0.7616023994639651,0,0
3.3858464616154036,-0.8311930083233201,0,0
3.390847711927982,-0.8145575036773671,0,0
3.39584896224056,-0.7631833941211467,0,0
3.4008502125531384,-0.7822342666266767,0,0
3.405851462865716,-0.807040232096705,0,0
3.4108527131782944,-0.7997438838924804,0,0
3.4158539634908727,-0.8287080595395936,0,0
3.420855213803451,-0.804052415370491,0,0
3.4258564641160287,-0.8219056722569138,0,0
3.430857714428607,-0.8556411342274732,0,0
3.4358589647411852,-0.7806796058908916,0,0
3.4408602150537635,-0.8336101568760012,0,0
3.4458614653663413,-0.8175725414389453,0,0
3.4508627156789196,-0.85093348014952,0,0
3.455863965991498,-0.8730931783287205,0,0
3.460865216304076,-0.8908034640690826,0,0
3.465866466616654,-0.9378957964272203,0,0
3.470867716929232,-0.8227805717628679,0,0
3.4758689672418104,-0.8940695371138182,0,0
3.4808702175543886,-0.859224692942316,0,0
3.4858714678669664,-0.8446718228172295,0,0
3.4908727181795447,-0.8902726673375503,0,0
3.495873968492123,-0.8626194552933157,0,0
3.500875218804701,-0.8371673772902636,0,0
3.505876469117279,-0.8567812768525277,0,0
3.5108777194298573,-0.8337723158118274,0,0
3.5158789697424355,-0.9312703926153522,0,0
3.5208802200550138,-0.8357331474738698,0,0
3.525881470367592,-0.828941594530532,0,0
3.53088272068017,-0.8957688778071728,0,0
3.535883970992748,-0.8340158661538124,0,0
3.5408852213053263,-0.8698484286687208,0,0
3.5458864716179046,-0.8667466999277982,0,0
3.5508877219304824,-0.8439182722884748,0,0
3.5558889722430607,-0.9060735049164391,0,0
3.560890222555639,-0.8383226311513471,0,0
3.565891472868217,-0.8857539327086472,0,0
3.570892723180795,-0.8420574504966549,0,0
3.5758939734933732,-0.8688026427140534,0,0
3.5808952238059515,-0.8594776205406925,0,0
3.5858964741185297,-0.8935558762435502,0,0
3.5908977244311076,-0.8713343313060511,0,0
3.595898974743686,-0.9061251025883017,0,0
3.600900225056264,-0.8931755058573108,0,0
3.6059014753688423,-0.9158667288713451,0,0
3.61090272568142,-0.8771321900748238,0,0
3.6159039759939984,-0.9060231698572336,0,0
3.6209052263065766,-0.8076118685156958,0,0
3.625906476619155,-0.9051221651231806,0,0
3.6309077269317327,-0.9447931605085896,0,0
3.635908977244311,-0.8481300742257212,0,0
3.640910227556889,-0.8935876574486867,0,0
3.6459114778694675,-0.8691276600757168,0,0
3.6509127281820453,-0.8832923981201853,0,0
3.6559139784946235,-0.9097991868086148,0,0
3.6609152288072018,-0.9053528678888507,0,0
3.66591647911978,-0.9210266637829645,0,0
3.670917729432358,-0.8476887021919897,0,0
3.675918979744936,-0.8716273428026943,0,0
3.6809202300575143,-0.931756370252641,0,0
3.6859214803700926,-0.8644935842127475,0,0
3.6909227306826704,-0.8775166204405941,0,0
3.6959239809952487,-0.9448612675154172,0,0
3.700925231307827,-0.9219499195954801,0,0
3.705926481620405,-0.8867491691251425,0,0
3.710927731932983,-0.8915282200207182,0,0
3.7159289822455612,-0.8399164607762013,0,0
3.7209302325581395,-0.9025324763826496,0,0
3.7259314828707177,-0.8753203972756265,0,0
3.7309327331832955,-0.9193975099167478,0,0
3.735933983495874,-0.9095323581741741,0,0
3.740935233808452,-0.9071662765884558,0,0
3.7459364841210303,-0.9104297560342729,0,0
3.750937734433608,-0.9037175528431555,0,0
3.7559389847461864,-0.9085556376439925,0,0
3.7609402350587646,-0.9610316653117301,0,0
3.765941485371343,-0.8926951427281712,0,0
3.7709427356839207,-0.9487497755934998,0,0
3.775943985996499,-0.8913582362524639,0,0
3.780945236309077,-0.8978830707439313,0,0
3.7859464866216554,-0.8976041695405804,0,0
3.7909477369342333,-0.9372514812975766,0,0
3.7959489872468115,-0.9120402731992214,0,0
3.8009502375593898,-0.9002764167083581,0,0
3.805951487871968,-0.9388930468788069,0,0
3.810952738184546,-0.9683475714827452,0,0
3.815953988497124,-0.8738463022082212,0,0
3.8209552388097023,-0.9335542342017489,0,0
3.8259564891222806,-0.9424736030821733,0,0
3.8309577394348584,-0.9587394800164617,0,0
3.8359589897474367,-0.9669841047545823,0,0
3.840960240060015,-1.0115364152057047,0,0
3.845961490372593,-0.9647000446993761,0,0
3.8509627406851714,-0.9661460617202713,0,0
3.8559639909977492,-0.9609807505168237,0,0
3.8609652413103275,-0.8779911060059756,0,0
3.8659664916229057,-0.9405902968049208,0,0
3.870967741935484,-0.9500430820042528,0,0
3.875968992248062,-0.9371215950336372,0,0
3.88097024256064,-0.9637023951646615,0,0
3.8859714928732183,-0.9026992689389955,0,0
3.8909727431857966,-0.9056203805508625,0,0
3.8959739934983744,-0.9664074737406353,0,0
3.9009752438109526,-0.9151634579170628,0,0
3.905976494123531,-0.923248992839085,0,0
3.910977744436109,-0.8676695482280918,0,0
3.915978994748687,-0.9104597365370882,0,0
3.920980245061265,-0.9911014545364444,0,0
3.9259814953738434,-0.9625705131804427,0,0
3.9309827456864217,-0.9273116872557639,0,0
3.9359839959989995,-0.935496092689049,0,0
3.9409852463115778,-0.9164045790069072,0,0
3.945986496624156,-0.9592418454724014,0,0
3.9509877469367343,-0.9485379516802532,0,0
3.955988997249312,-0.9134065558032693,0,0
3.9609902475618903,-0.9407150212807949,0,0
3.9659914978744686,-0.9606383185266854,0,0
3.970992748187047,-0.8893431157523036,0,0
3.9759939984996246,-0.9644485436942863,0,0
3.980995248812203,-0.9583029101267476,0,0
3.985996499124781,-0.9901375235960279,0,0
3.9909977494373594,-0.9575394894919189,0,0
3.995998999749937,-1.018509826335848,0,0
4.001000250062516,-0.921838116843268,0,0
4.006001500375094,-1.0355918939742972,0,0
4.0110027506876715,-0.9443398173821319,0,0
4.01600400100025,-0.9972754148304049,0,0
4.021005251312828,-0.9623901602385411,0,0
4.026006501625406,-0.9290138911558747,0,0
4.0310077519379846,-0.9754010821883615,0,0
4.036009002250562,-0.9618644698700772,0,0
4.041010252563141,-0.9973240454705186,0,0
4.046011502875719,-0.9886218721467094,0,0
4.051012753188297,-0.9440341138953031,0,0
4.056014003500875,-1.0038119583148282,0,0
4.061015253813453,-0.9566872791960531,0,0
4.066016504126031,-0.9784623663945999,0,0
4.07101775443861,-0.9974990284738996,0,0
4.0760190047511875,-0.9579385546266503,0,0
4.081020255063766,-1.0163079126749044,0,0
4.086021505376344,-0.9791862985089532,0,0
4.091022755688922,-1.0300179931871476,0,0
4.0960240060015005,-0.9991869953303606,0,0
4.101025256314078,-1.0313158400807392,0,0
4.106026506626656,-0.9885773588899998,0,0
4.111027756939235,-0.9683166623543903,0,0
4.116029007251813,-0.9663077316844667,0,0
4.121030257564391,-0.9846963550519959,0,0
4.126031507876969,-0.9918952577126187,0,0
4.131032758189547,-1.0137860270129329,0,0
4.136034008502126,-1.0127800346327902,0,0
4.1410352588147035,-1.0311075863849366,0,0
4.146036509127281,-0.9422705892378975,0,0
4.15103775943986,-1.0078981355997132,0,0
4.156039009752438,-1.0106721200887072,0,0
4.1610402600650165,-1.0035724973297737,0,0
4.166041510377594,-1.0335598418395846,0,0
4.171042760690172,-0.9611801891546836,0,0
4.176044011002751,-1.0249279361749761,0,0
4.181045261315329,-1.0420271539322818,0,0
4.186046511627907,-0.9604860670561379,0,0
4.191047761940485,-0.9790483600976987,0,0
4.196049012253063,-0.9961568909556135,0,0
4.201050262565642,-1.0315127115945208,0,0
4.206051512878219,-0.9751595511297294,0,0
4.211052763190797,-1.0195016706613393,0,0
4.216054013503376,-1.0129764275189366,0,0
4.221055263815954,-0.9878150154705793,0,0
4.2260565141285324,-1.0183233343624483,0,0
4.23105776444111,-1.0384790793127887,0,0
4.236059014753688,-1.090614247684365,0,0
4.241060265066267,-0.993273640510774,0,0
4.246061515378845,-1.0963136813671468,0,0
4.251062765691422,-1.053464218417342,0,0
4.256064016004001,-1.059489450040149,0,0
4.261065266316579,-1.0504948949605892,0,0
4.266066516629158,-1.048069442436356,0,0
4.271067766941735,-1.0234041011186807,0,0
4.276069017254313,-1.048798493104414,0,0
4.281070267566892,-1.1242705313304728,0,0
4.28607151787947,-1.0425712491156292,0,0
4.2910727681920475,-1.079432165104966,0,0
4.296074018504626,-1.057585367476878,0,0
4.301075268817204,-1.08488693504567,0,0
4.306076519129783,-1.0517682285699883,0,0
4.3110777694423605,-1.0575407318398633,0,0
4.316079019754938,-1.026579398670938,0,0
4.321080270067517,-1.0382087998630287,0,0
4.326081520380095,-1.0239337131637831,0,0
4.331082770692673,-1.0975170919379222,0,0
4.336084021005251,-1.0135289080359144,0,0
4.341085271317829,-1.0712662817276997,0,0
4.346086521630408,-1.044137975947814,0,0
4.351087771942986,-1.0380426606763415,0,0
4.3560890222555635,-1.036460611178172,0,0
4.361090272568142,-1.064046707795368,0,0
4.36609152288072,-1.1030373360938173,0,0
4.371092773193298,-1.037531286926682,0,0
4.3760940235058765,-1.0249387363940923,0,0
4.381095273818454,-1.0282621731334365,0,0
4.386096524131033,-1.030336035828826,0,0
4.391097774443611,-1.0171310313145303,0,0
4.396099024756189,-1.038769533807108,0,0
4.401100275068767,-1.0795107637246009,0,0
4.406101525381345,-1.0465547566463977,0,0
4.411102775693923,-1.1026464132752578,0,0
4.416104026006502,-1.0727391951957759,0,0
4.4211052763190795,-1.0689798209476573,0,0
4.426106526631658,-1.0404502920542216,0,0
4.431107776944236,-1.08382962293592,0,0
4.436109027256814,-1.0825836256644001,0,0
4.4411102775693925,-1.0932760730061355,0,0
4.44611152788197,-1.0640760083923162,0,0
4.451112778194548,-1.1311332477760179,0,0
4.456114028507127,-1.148312156144766,0,0
4.461115278819705,-1.03253137898229,0,0
4.466116529132283,-1.0471208147343096,0,0
4.471117779444861,-1.0653002021736073,0,0
4.476119029757439,-1.075177990766926,0,0
4.481120280070018,-1.1052088761015182,0,0
4.486121530382595,-1.133484482059879,0,0
4.491122780695174,-1.0771284182726257,0,0
4.496124031007752,-1.1244682141642728,0,0
4.50112528132033,-1.0642738586347762,0,0
4.506126531632908,-1.085919894962012,0,0
4.511127781945486,-1.1365401371552886,0,0
4.516129032258064,-1.0883612216172773,0,0
4.521130282570643,-1.1493275309171338,0,0
4.526131532883221,-1.1198043622017613,0,0
4.531132783195799,-1.0713406963299241,0,0
4.536134033508377,-1.1217898763630105,0,0
4.541135283820955,-1.1106327212523441,0,0
4.546136534133534,-1.122292400141521,0,0
4.551137784446111,-1.1198989835573703,0,0
4.556139034758689,-1.0764910063033022,0,0
4.561140285071268,-1.0926733537060407,0,0
4.566141535383846,-1.092254090228839,0,0
4.571142785696424,-1.153816596332719,0,0
4.576144036009002,-1.1166849508479404,0,0
4.58114528632158,-1.1324632992213992,0,0
4.586146536634159,-1.1069012785745744,0,0
4.5911477869467365,-1.1420714866826982,0,0
4.596149037259314,-1.0840460839341934,0,0
4.601150287571893,-1.034256415327279,0,0
4.606151537884471,-1.1105981307633934,0,0
4.6111527881970495,-1.1325762138425426,0,0
4.616154038509627,-1.0934216465528657,0,0
4.621155288822205,-1.1664018145278667,0,0
4.626156539134784,-1.1350247183876954,0,0
4.631157789447362,-1.094665822331836,0,0
4.6361590397599395,-1.1325244715007379,0,0
4.641160290072518,-1.1235609102515196,0,0
4.646161540385096,-1.08307242330706,0,0
4.651162790697675,-1.118132062357959,0,0
4.6561640410102525,-1.1090471602955343,0,0
4.66116529132283,-1.155736747433833,0,0
4.666166541635409,-1.0651969891090964,0,0
4.671167791947987,-1.1405183057191135,0,0
4.676169042260565,-1.1169390077673225,0,0
4.681170292573143,-1.1292928626611118,0,0
4.686171542885721,-1.134228213943096,0,0
4.6911727931983,-1.170692643763735,0,0
4.696174043510878,-1.1429355565939257,0,0
4.7011752938234554,-1.1330022397892545,0,0
4.706176544136034,-1.0960704513032464,0,0
4.711177794448612,-1.1333737054395008,0,0
4.71617904476119,-1.1522872435395417,0,0
4.7211802950737685,-1.1345827688448813,0,0
4.726181545386346,-1.1366281410829453,0,0
4.731182795698925,-1.145784526371871,0,0
4.736184046011503,-1.1364183061451347,0,0
4.741185296324081,-1.0970934895939048,0,0
4.746186546636659,-1.1462651023208061,0,0
4.751187796949237,-1.1855581520194507,0,0
4.756189047261815,-1.1646982856974486,0,0
4.761190297574394,-1.1587262027760017,0,0
4.766191547886971,-1.1725636351964082,0,0
4.77119279819955,-1.1478139598947528,0,0
4.776194048512128,-1.125633965592202,0,0
4.781195298824706,-1.2128586456155053,0,0
4.786196549137284,-1.18861331774238,0,0
4.791197799449862,-1.1713813613772586,0,0
4.79619904976244,-1.1396733180313505,0,0
4.801200300075019,-1.213024560703733,0,0
4.8062015503875966,-1.131603958441492,0,0
4.811202800700175,-1.1174515807890397,0,0
4.816204051012753,-1.1282429489592092,0,0
4.821205301325331,-1.1574171758453684,0,0
4.82620655163791,-1.204256113611938,0,0
4.831207801950487,-1.1819927490715174,0,0
4.836209052263066,-1.1872224157816478,0,0
4.841210302575644,-1.1662097480364788,0,0
4.846211552888222,-1.1439256883959115,0,0
4.8512128032008,-1.1548135030860707,0,0
4.856214053513378,-1.1989685975891888,0,0
4.861215303825956,-1.1454874655441218,0,0
4.866216554138535,-1.1404808165249374,0,0
4.8712178044511125,-1.2046471146496547,0,0
4.876219054763691,-1.2060524957546763,0,0
4.881220305076269,-1.192820596249891,0,0
4.886221555388847,-1.1700256003400575,0,0
4.8912228057014255,-1.2108063602926222,0,0
4.896224056014003,-1.1473333708838265,0,0
4.901225306326581,-1.1782814966812836,0,0
4.90622655663916,-1.1604909337091902,0,0
4.911227806951738,-1.202585789238075,0,0
4.916229057264316,-1.2127547195203003,0,0
4.921230307576894,-1.175802293339002,0,0
4.926231557889472,-1.128311573683132,0,0
4.931232808202051,-1.1665968576644827,0,0
4.9362340585146285,-1.1507259339645506,0,0
4.941235308827206,-1.2045795771167531,0,0
4.946236559139785,-1.2101177892221677,0,0
4.951237809452363,-1.1943606063725518,0,0
4.9562390597649415,-1.1771564324576425,0,0
4.961240310077519,-1.195350626107165,0,0
4.966241560390097,-1.2330679928067185,0,0
4.971242810702676,-1.2456792800498921,0,0
4.976244061015254,-1.192938232692868,0,0
4.981245311327831,-1.2070683985617423,0,0
4.98624656164041,-1.1230858524426381,0,0
4.991247811952988,-1.2222693834766203,0,0
4.996249062265567,-1.2344726618946398,0,0
5.0012503125781445,-1.1869370765386766,0,0
5.006251562890722,-1.2188383920622248,0,0
5.011252813203301,-1.2098100230982387,0,0
5.016254063515879,-1.1829405249415195,0,0
5.021255313828457,-1.243819141175653,0,0
5.026256564141035,-1.2294300858768947,0,0
5.031257814453613,-1.2365633179480857,0,0
5.036259064766192,-1.2393017057360347,0,0
5.04126031507877,-1.2402868342882662,0,0
5.046261565391347,-1.2303983210868636,0,0
5.051262815703926,-1.1824135396049928,0,0
5.056264066016504,-1.2293251213584673,0,0
5.061265316329082,-1.2553335570350348,0,0
5.06626656664166,-1.2309605491520392,0,0
5.071267816954238,-1.2482890323636,0,0
5.076269067266817,-1.2266732863999796,0,0
5.081270317579395,-1.2321963897452415,0,0
5.0862715678919725,-1.2548769550295626,0,0
5.091272818204551,-1.2419047973148967,0,0
5.096274068517129,-1.216839557043338,0,0
5.101275318829707,-1.1959029129163243,0,0
5.106276569142286,-1.2390700324235282,0,0
5.111277819454863,-1.196969768298899,0,0
5.116279069767442,-1.2074585950454058,0,0
5.12128032008002,-1.2793880432938642,0,0
5.126281570392598,-1.2564354165822267,0,0
5.131282820705176,-1.33884485388893,0,0
5.136284071017754,-1.2761518477174725,0,0
5.141285321330333,-1.2527810326543585,0,0
5.146286571642911,-1.2729066142419798,0,0
5.1512878219554885,-1.246687585836415,0,0
5.156289072268067,-1.2604343191695948,0,0
5.161290322580645,-1.2406377565960762,0,0
5.166291572893223,-1.266737873117759,0,0
5.1712928232058015,-1.2404438952439703,0,0
5.176294073518379,-1.250566817569423,0,0
5.181295323830958,-1.2480834961889788,0,0
5.186296574143536,-1.2286997754518216,0,0
5.191297824456114,-1.2801501688637829,0,0
5.196299074768692,-1.204794529106597,0,0
5.20130032508127,-1.2585357597579059,0,0
5.206301575393848,-1.2492988565556553,0,0
5.211302825706427,-1.2658130973991857,0,0
5.2163040760190045,-1.2735411680265114,0,0
5.221305326331583,-1.3023893182449329,0,0
5.226306576644161,-1.2774213129321246,0,0
5.231307826956739,-1.3074071965030898,0,0
5.2363090772693175,-1.3043859887259464,0,0
5.241310327581895,-1.2226725558028055,0,0
5.246311577894473,-1.2689905925977012,0,0
5.251312828207052,-1.2787809201091853,0,0
5.25631407851963,-1.3017060878113427,0,0
5.261315328832208,-1.27396156988512,0,0
5.266316579144786,-1.2744265112963116,0,0
5.271317829457364,-1.2575836196896446,0,0
5.276319079769943,-1.2816034598512187,0,0
5.28132033008252,-1.2735672650733636,0,0
5.286321580395098,-1.2437132159631006,0,0
5.291322830707677,-1.2654468668835874,0,0
5.296324081020255,-1.25067678256964,0,0
5.3013253313328335,-1.3318970749117038,0,0
5.306326581645411,-1.2931168046536123,0,0
5.311327831957989,-1.2504878735703597,0,0
5.316329082270568,-1.282111670380654,0,0
5.321330332583146,-1.245419726132753,0,0
5.326331582895723,-1.2976172834082935,0,0
5.331332833208302,-1.2557455423196195,0,0
5.33633408352088,-1.3467541459377967,0,0
5.341335333833459,-1.3152741635591303,0,0
5.346336584146036,-1.2887917663256292,0,0
5.351337834458614,-1.3302718522202381,0,0
5.356339084771193,-1.357323713566169,0,0
5.361340335083771,-1.2733388223272406,0,0
5.3663415853963485,-1.246249682712356,0,0
5.371342835708927,-1.2912613946102403,0,0
5.376344086021505,-1.3412817981404803,0,0
5.381345336334084,-1.3041518490356985,0,0
5.3863465866466615,-1.3443496568354842,0,0
5.391347836959239,-1.3680090942451455,0,0
5.396349087271818,-1.2901516409136085,0,0
5.401350337584396,-1.2920265327874125,0,0
5.406351587896974,-1.3066716958068612,0,0
5.411352838209552,-1.3499724300029812,0,0
5.41635408852213,-1.388643782505263,0,0
5.421355338834709,-1.2962306853159589,0,0
5.426356589147287,-1.3172806741949603,0,0
5.4313578394598645,-1.2855472873187663,0,0
5.436359089772443,-1.3659839482399485,0,0
5.441360340085021,-1.3906598418500347,0,0
5.4463615903976,-1.2924603598039133,0,0
5.4513628407101775,-1.2753044766998554,0,0
5.456364091022755,-1.2912573074393923,0,0
5.461365341335334,-1.3050977444579595,0,0
5.466366591647912,-1.3207561522529114,0,0
5.47136784196049,-1.3074546245597005,0,0
5.476369092273068,-1.3463787063773125,0,0
5.481370342585646,-1.2645338890806843,0,0
5.486371592898225,-1.2823279132491068,0,0
5.491372843210803,-1.3854243479721504,0,0
5.4963740935233805,-1.2959727285158167,0,0
5.501375343835959,-1.4044722514213854,0,0
5.506376594148537,-1.326720267269411,0,0
5.511377844461115,-1.3476108245379363,0,0
5.5163790947736935,-1.293151804695627,0,0
5.521380345086271,-1.3360230982470958,0,0
5.52638159539885,-1.3474964238619611,0,0
5.531382845711428,-1.3049258223000568,0,0
5.536384096024006,-1.3668331010134933,0,0
5.541385346336584,-1.368639075103562,0,0
5.546386596649162,-1.3036883387330906,0,0
5.55138784696174,-1.332089433363567,0,0
5.556389097274319,-1.3434596781501205,0,0
5.561390347586896,-1.3674085409233308,0,0
5.566391597899475,-1.354289302451444,0,0
5.571392848212053,-1.3629435200276752,0,0
5.576394098524631,-1.342809683137415,0,0
5.5813953488372094,-1.3483206468285227,0,0
5.586396599149787,-1.3588039062459878,0,0
5.591397849462365,-1.3575617553047918,0,0
5.596399099774944,-1.3121485648364068,0,0
5.601400350087522,-1.3385565516925284,0,0
5.6064016004001,-1.3473109352389414,0,0
5.611402850712678,-1.3637790787411328,0,0
5.616404101025256,-1.3528500953177456,0,0
5.621405351337835,-1.3638938519236847,0,0
5.626406601650412,-1.3576460625870783,0,0
5.63140785196299,-1.3524072940624368,0,0
5.636409102275569,-1.3864935806182284,0,0
5.641410352588147,-1.388810041859487,0,0
5.646411602900725,-1.4428035370784162,0,0
5.651412853213303,-1.4059023701578903,0,0
5.656414103525881,-1.3700728804474471,0,0
5.66141535383846,-1.3124812360307445,0,0
5.6664166041510375,-1.311887068053265,0,0
5.671417854463615,-1.383176537853951,0,0
5.676419104776194,-1.4682150401107854,0,0
5.681420355088772,-1.3703253407895093,0,0
5.6864216054013506,-1.3684363921667668,0,0
5.691422855713928,-1.3374064005163881,0,0
5.696424106026506,-1.4058676186168473,0,0
5.701425356339085,-1.3919503892760314,0,0
5.706426606651663,-1.392306302471438,0,0
5.7114278569642405,-1.3849950631634442,0,0
5.716429107276819,-1.4240565587434275,0,0
5.721430357589397,-1.3764876330155185,0,0
5.726431607901976,-1.4099800123444535,0,0
5.7314328582145535,-1.3866906431501014,0,0
5.736434108527131,-1.3942779004080017,0,0
5.74143535883971,-1.4607771791406587,0,0
5.746436609152288,-1.3876252159090665,0,0
5.751437859464866,-1.432327407044299,0,0
5.756439109777444,-1.428635410714878,0,0
5.761440360090022,-1.427831832298285,0,0
5.766441610402601,-1.4413968032291755,0,0
5.771442860715179,-1.4085118695303027,0,0
5.7764441110277565,-1.4836255431579035,0,0
5.781445361340335,-1.4248429655351658,0,0
5.786446611652913,-1.4018525849779537,0,0
5.791447861965492,-1.3955924682386618,0,0
5.7964491122780695,-1.3753327142129468,0,0
5.801450362590647,-1.3748593505846751,0,0
5.806451612903226,-1.3785060815246677,0,0
5.811452863215804,-1.4156657296682182,0,0
5.816454113528382,-1.4353113561344133,0,0
5.82145536384096,-1.4646632575143095,0,0
5.826456614153538,-1.4313489607734509,0,0
5.831457864466117,-1.4127402228698838,0,0
5.836459114778695,-1.427697461103034,0,0
5.841460365091272,-1.4456404193120815,0,0
5.846461615403851,-1.3914260944347487,0,0
5.851462865716429,-1.363404472739599,0,0
5.856464116029007,-1.4286609693002699,0,0
5.861465366341585,-1.3813981432409246,0,0
5.866466616654163,-1.4052119097274185,0,0
5.871467866966742,-1.4527115237986241,0,0
5.87646911727932,-1.4209168187828651,0,0
5.881470367591898,-1.4443553291402442,0,0
5.886471617904476,-1.3901572219572644,0,0
5.891472868217054,-1.3911674307045017,0,0
5.896474118529632,-1.4142639058134285,0,0
5.901475368842211,-1.4392464964833285,0,0
5.906476619154788,-1.4158343614582685,0,0
5.911477869467367,-1.4213174151835632,0,0
5.916479119779945,-1.3959426527508512,0,0
5.921480370092523,-1.3993059135124322,0,0
5.926481620405101,-1.4117146081980299,0,0
5.931482870717679,-1.4738917647286192,0,0
5.936484121030257,-1.418112017031236,0,0
5.941485371342836,-1.4071286079894323,0,0
5.9464866216554135,-1.4515659705386288,0,0
5.951487871967992,-1.4697840640134219,0,0
5.95648912228057,-1.4202463531614127,0,0
5.961490372593148,-1.480781718925594,0,0
5.9664916229057265,-1.4618168773312932,0,0
5.971492873218304,-1.4564155162581445,0,0
5.976494123530882,-1.4781375460298032,0,0
5.981495373843461,-1.5079851088292162,0,0
5.986496624156039,-1.398170624164416,0,0
5.991497874468617,-1.4626816795511322,0,0
5.996499124781195,-1.4954843460164162,0,0
6.001500375093773,-1.401105080015648,0,0
6.006501625406352,-1.4501782214850492,0,0
6.0115028757189295,-1.4141017417194497,0,0
6.016504126031507,-1.410130269833633,0,0
6.021505376344086,-1.4856106806759708,0,0
6.026506626656664,-1.4374639377001135,0,0
6.0315078769692425,-1.4373170369887605,0,0
6.03650912728182,-1.4881063194812256,0,0
6.041510377594398,-1.4917999035745222,0,0
6.046511627906977,-1.4307291290563589,0,0
6.051512878219555,-1.459219362582394,0,0
6.0565141285321324,-1.4989454244083062,0,0
6.061515378844711,-1.4917921386514124,0,0
6.066516629157289,-1.469299595293257,0,0
6.071517879469868,-1.4916844000032181,0,0
6.0765191297824455,-1.4135720489644557,0,0
6.081520380095023,-1.405800387204162,0,0
6.086521630407602,-1.4472441231993054,0,0
6.09152288072018,-1.4882340236841956,0,0
6.0965241310327585,-1.508865001667656,0,0
6.101525381345336,-1.4927704731744873,0,0
6.106526631657914,-1.404692848774083,0,0
6.111527881970493,-1.4346028282111327,0,0
6.116529132283071,-1.5029716853025532,0,0
6.121530382595648,-1.48990916868541,0,0
6.126531632908227,-1.4475921206355764,0,0
6.131532883220805,-1.4913913482773828,0,0
6.136534133533384,-1.4935654375559968,0,0
6.141535383845961,-1.4667772987290788,0,0
6.146536634158539,-1.4575824145506724,0,0
6.151537884471118,-1.4828348191721674,0,0
6.156539134783696,-1.4179304850692993,0,0
6.1615403850962736,-1.4831539051030784,0,0
6.166541635408852,-1.4967978322938253,0,0
6.17154288572143,-1.5445350706294034,0,0
6.176544136034009,-1.5237455899662697,0,0
6.181545386346587,-1.4959213322891547,0,0
6.186546636659164,-1.5004238369931935,0,0
6.191547886971743,-1.5370460599406468,0,0
6.196549137284321,-1.4131416348724433,0,0
6.201550387596899,-1.4815606768503071,0,0
6.206551637909477,-1.4897249500303824,0,0
6.211552888222055,-1.5055310487900215,0,0
6.216554138534634,-1.507616850114681,0,0
6.221555388847212,-1.5649483855083575,0,0
6.2265566391597895,-1.503190293511541,0,0
6.231557889472368,-1.537776823613279,0,0
6.236559139784946,-1.548021878931332,0,0
6.241560390097524,-1.4593767376725275,0,0
6.2465616404101025,-1.5089426638228336,0,0
6.25156289072268,-1.500885054683129,0,0
6.256564141035259,-1.516076673121324,0,0
6.261565391347837,-1.5281179432759597,0,0
6.266566641660415,-1.5515784953419867,0,0
6.271567891972993,-1.493154758864017,0,0
6.276569142285571,-1.547831454399693,0,0
6.281570392598149,-1.5550199101286641,0,0
6.286571642910728,-1.5563765611104328,0,0
6.2915728932233055,-1.509993406931995,0,0
6.296574143535884,-1.5077857659439808,0,0
6.301575393848462,-1.503174644502019,0,0
6.30657664416104,-1.5290768930130545,0,0
6.3115778944736185,-1.531066759341063,0,0
6.316579144786196,-1.4882171394483328,0,0
6.321580395098774,-1.5726954264688415,0,0
6.326581645411353,-1.5100974820316304,0,0
6.331582895723931,-1.5262985438216872,0,0
6.336584146036509,-1.547734372681921,0,0
6.341585396349087,-1.5602216431282891,0,0
6.346586646661665,-1.5821276927294403,0,0
6.351587896974244,-1.5818194403420047,0,0
6.3565891472868215,-1.5732463972245614,0,0
6.361590397599399,-1.5499263929443003,0,0
6.366591647911978,-1.4787401515149028,0,0
6.371592898224556,-1.5616571676329536,0,0
6.3765941485371345,-1.5483714173292351,0,0
6.381595398849712,-1.5576495610217116,0,0
6.38659664916229,-1.588617623155666,0,0
6.391597899474869,-1.5751093497660233,0,0
6.396599149787447,-1.5028562755073551,0,0
6.401600400100024,-1.5485816372323675,0,0
6.406601650412603,-1.5954787616523274,0,0
6.411602900725181,-1.6138978360820997,0,0
6.41660415103776,-1.5121675651365802,0,0
6.421605401350337,-1.5636443332998473,0,0
6.426606651662915,-1.5960910763643885,0,0
6.431607901975494,-1.533643999334931,0,0
6.436609152288072,-1.5650850509168914,0,0
6.44161040260065,-1.5784399763769648,0,0
6.446611652913228,-1.5619013409940388,0,0
6.451612903225806,-1.5198637991602932,0,0
6.456614153538385,-1.5910301197873298,0,0
6.461615403850963,-1.5403219038671079,0,0
6.46661665416354,-1.5612425416808788,0,0
6.471617904476119,-1.5824840520347545,0,0
6.476619154788697,-1.520692705217394,0,0
6.481620405101276,-1.5789461625228103,0,0
6.486621655413853,-1.5648168103363649,0,0
6.491622905726431,-1.5854517382657587,0,0
6.49662415603901,-1.6116221703027322,0,0
6.501625406351588,-1.5637295913403706,0,0
6.5066266566641655,-1.6067620851498317,0,0
6.511627906976744,-1.522985816836552,0,0
6.516629157289322,-1.530453979311332,0,0
6.521630407601901,-1.5953502443244125,0,0
6.5266316579144785,-1.5972340648193788,0,0
6.531632908227056,-1.6058541317959476,0,0
6.536634158539635,-1.530292013475595,0,0
6.541635408852213,-1.6190319859696238,0,0
6.546636659164791,-1.6180944579273677,0,0
6.551637909477369,-1.6145297850332117,0,0
6.556639159789947,-1.6137357915579897,0,0
6.561640410102526,-1.5439748543429612,0,0
6.566641660415104,-1.6006700691685656,0,0
6.5716429107276815,-1.5849340360636723,0,0
6.57664416104026,-1.5973034260131032,0,0
6.581645411352838,-1.5979915003095788,0,0
6.586646661665416,-1.5344135895733173,0,0
6.5916479119779945,-1.541271333702654,0,0
6.596649162290572,-1.5806992810080185,0,0
6.601650412603151,-1.6174160809580425,0,0
6.606651662915729,-1.5292362455758923,0,0
6.611652913228307,-1.5969172256469557,0,0
6.616654163540885,-1.6290578599330494,0,0
6.621655413853463,-1.627371580903339,0,0
6.626656664166041,-1.6024101628010723,0,0
6.63165791447862,-1.5838093080983482,0,0
6.636659164791197,-1.6903354953963725,0,0
6.641660415103776,-1.5960923690031503,0,0
6.646661665416354,-1.6107776602725368,0,0
6.651662915728932,-1.594034216289467,0,0
6.6566641660415105,-1.6374946226382896,0,0
6.661665416354088,-1.5827554821430558,0,0
6.666666666666666,-1.6279671128095956,0,0
6.671667916979245,-1.580895458811912,0,0
6.676669167291823,-1.545756824555873,0,0
6.681670417604401,-1.6094182361381868,0,0
6.686671667916979,-1.6074674830861084,0,0
6.691672918229557,-1.610181010314809,0,0
6.696674168542136,-1.6716475158773219,0,0
6.701675418854713,-1.6080031423928043,0,0
6.706676669167291,-1.6684559850430858,0,0
6.71167791947987,-1.7007654061363777,0,0
6.716679169792448,-1.6274058265760785,0,0
6.721680420105026,-1.6068820292949366,0,0
6.726681670417604,-1.6538255210880757,0,0
6.731682920730182,-1.6795786457797381,0,0
6.736684171042761,-1.590177160366959,0,0
6.7416854213553385,-1.6804472665682744,0,0
6.746686671667917,-1.6013783334409821,0,0
6.751687921980495,-1.643457158910688,0,0
6.756689172293073,-1.669797448765158,0,0
6.761690422605652,-1.6286782663240562,0,0
6.766691672918229,-1.713097532925756,0,0
6.771692923230807,-1.6623952653795413,0,0
6.776694173543386,-1.6421724076727835,0,0
6.781695423855964,-1.6452589380340827,0,0
6.786696674168542,-1.6031800629525728,0,0
6.79169792448112,-1.6768849715917526,0,0
6.796699174793698,-1.6302943178482432,0,0
6.801700425106277,-1.6531840754710263,0,0
6.8067016754188545,-1.6263191136385162,0,0
6.811702925731432,-1.6383687668824696,0,0
6.816704176044011,-1.6171673123692374,0,0
6.821705426356589,-1.6560950774618097,0,0
6.8267066766691675,-1.6110502379200102,0,0
6.831707926981745,-1.6542404436066838,0,0
6.836709177294323,-1.6777590476657556,0,0
6.841710427606902,-1.6553503486619465,0,0
6.84671167791948,-1.6536163307042397,0,0
6.8517129282320575,-1.613242277713187,0,0
6.856714178544636,-1.6950865111473876,0,0
6.861715428857214,-1.6606599988999589,0,0
6.866716679169793,-1.7004001927876864,0,0
6.8717179294823705,-1.6357180223502985,0,0
6.876719179794948,-1.6384033122706092,0,0
6.881720430107527,-1.646704728203818,0,0
6.886721680420105,-1.7098405048946412,0,0
6.891722930732683,-1.7009369125905724,0,0
6.896724181045261,-1.6724999164398533,0,0
6.901725431357839,-1.659663731348049,0,0
6.906726681670418,-1.6505298406816593,0,0
6.911727931982996,-1.6875107287879425,0,0
6.916729182295573,-1.6700521634593615,0,0
6.921730432608152,-1.6867257367775277,0,0
6.92673168292073,-1.6917075439672526,0,0
6.931732933233308,-1.6882941146316148,0,0
6.9367341835458864,-1.7118947799386572,0,0
6.941735433858464,-1.6518313768251718,0,0
6.946736684171043,-1.6396930375187966,0,0
6.951737934483621,-1.665084733022639,0,0
6.956739184796199,-1.6975607064260683,0,0
6.961740435108777,-1.6410543536283444,0,0
6.966741685421355,-1.7153010145995449,0,0
6.971742935733933,-1.6533359774973373,0,0
6.976744186046512,-1.6598305214253424,0,0
6.981745436359089,-1.653512010052468,0,0
6.986746686671668,-1.7433895460538924,0,0
6.991747936984246,-1.6819782691635314,0,0
6.996749187296824,-1.708761046003234,0,0
7.001750437609402,-1.6712387782033384,0,0
7.00675168792198,-1.6903956449923652,0,0
7.011752938234558,-1.7606581226825546,0,0
7.016754188547137,-1.6786845076063568,0,0
7.0217554388597145,-1.6450481156769678,0,0
7.026756689172293,-1.686129741175431,0,0
7.031757939484871,-1.678646850833827,0,0
7.036759189797449,-1.6974817503377613,0,0
7.0417604401100276,-1.6878476397756577,0,0
7.046761690422605,-1.7204614646096763,0,0
7.051762940735184,-1.655918947455437,0,0
7.056764191047762,-1.6368242944259865,0,0
7.06176544136034,-1.7290645332158465,0,0
7.066766691672918,-1.6937320518608947,0,0
7.071767941985496,-1.7211430502094023,0,0
7.076769192298074,-1.6615820525404281,0,0
7.081770442610653,-1.7040821271157125,0,0
7.0867716929232305,-1.6867693585989547,0,0
7.091772943235809,-1.7190061704863826,0,0
7.096774193548387,-1.6813327589936218,0,0
7.101775443860965,-1.691914795919657,0,0
7.1067766941735435,-1.7058545047804896,0,0
7.111777944486121,-1.7006353506345002,0,0
7.116779194798699,-1.762343469633144,0,0
7.121780445111278,-1.6943303224695112,0,0
7.126781695423856,-1.75162774044838,0,0
7.131782945736434,-1.7396915868930922,0,0
7.136784196049012,-1.722669392648998,0,0
7.14178544636159,-1.70311655049054,0,0
7.146786696674169,-1.699918233542427,0,0
7.1517879469867465,-1.7191879909596859,0,0
7.156789197299324,-1.721653133723445,0,0
7.161790447611903,-1.7088590022488812,0,0
7.166791697924481,-1.75597929242044,0,0
7.1717929482370595,-1.7315550376150044,0,0
7.176794198549637,-1.7539807003565764,0,0
7.181795448862215,-1.786903405044932,0,0
7.186796699174794,-1.771399510169055,0,0
7.191797949487372,-1.705353832831296,0,0
7.196799199799949,-1.7574546003646931,0,0
7.201800450112528,-1.7905855584017236,0,0
7.206801700425106,-1.7414310471730596,0,0
7.211802950737685,-1.7620690243422916,0,0
7.216804201050262,-1.759420858394797,0,0
7.22180545136284,-1.7564955672901348,0,0
7.226806701675419,-1.7394902557251188,0,0
7.231807951987997,-1.7431180090341858,0,0
7.236809202300575,-1.7549784442447158,0,0
7.241810452613153,-1.7458891004075923,0,0
7.246811702925731,-1.7557819502192475,0,0
7.25181295323831,-1.7435166761233216,0,0
7.256814203550888,-1.7338694357287798,0,0
7.261815453863465,-1.7583007479480028,0,0
7.266816704176044,-1.698438440088084,0,0
7.271817954488622,-1.7879567090040067,0,0
7.2768192048012,-1.7743712997331944,0,0
7.281820455113778,-1.7661182482156659,0,0
7.286821705426356,-1.7217496831931305,0,0
7.291822955738935,-1.73227871587539,0,0
7.296824206051513,-1.751739458842929,0,0
7.3018254563640905,-1.787528671490504,0,0
7.306826706676669,-1.7516313606408707,0,0
7.311827956989247,-1.7670769582982668,0,0
7.316829207301825,-1.7758512977260132,0,0
7.3218304576144035,-1.731691532091437,0,0
7.326831707926981,-1.7238247317732442,0,0
7.33183295823956,-1.7602755678633253,0,0
7.336834208552138,-1.7898204250144931,0,0
7.341835458864716,-1.7649840257075715,0,0
7.346836709177294,-1.8029276944361767,0,0
7.351837959489872,-1.8198740453305302,0,0
7.35683920980245,-1.8319340339011125,0,0
7.361840460115029,-1.7875728890930545,0,0
7.3668417104276065,-1.7910212688102474,0,0
7.371842960740185,-1.8062468739126125,0,0
7.376844211052763,-1.80089962521448,0,0
7.381845461365341,-1.796609408468559,0,0
7.3868467116779195,-1.8203362904190443,0,0
7.391847961990497,-1.7791809969325965,0,0
7.396849212303076,-1.7442670540286012,0,0
7.401850462615654,-1.799372620920216,0,0
7.406851712928232,-1.8444783904611184,0,0
7.41185296324081,-1.797037869940197,0,0
7.416854213553388,-1.7903790169032008,0,0
7.421855463865966,-1.7790612567540716,0,0
7.426856714178545,-1.7668543416682212,0,0
7.4318579644911225,-1.7755204368882755,0,0
7.436859214803701,-1.7685599784394879,0,0
7.441860465116279,-1.8027681613857145,0,0
7.446861715428857,-1.791303170815595,0,0
7.4518629657414355,-1.8238419276776308,0,0
7.456864216054013,-1.8187181640680072,0,0
7.461865466366591,-1.7826568999793149,0,0
7.46686671667917,-1.8137196125523303,0,0
7.471867966991748,-1.8516049157319778,0,0
7.476869217304326,-1.8670904120362397,0,0
7.481870467616904,-1.7900323823701718,0,0
7.486871717929482,-1.823411146898732,0,0
7.491872968242061,-1.829812399636943,0,0
7.496874218554638,-1.8388584513468271,0,0
7.501875468867216,-1.8045745353792457,0,0
7.506876719179795,-1.8203941436899003,0,0
7.511877969492373,-1.8267595018665805,0,0
7.516879219804951,-1.8289820358190496,0,0
7.521880470117529,-1.8265544073776518,0,0
7.526881720430107,-1.796049663914778,0,0
7.531882970742686,-1.8182214764667997,0,0
7.536884221055264,-1.786466707588822,0,0
7.541885471367841,-1.8824044945974363,0,0
7.54688672168042,-1.8486890276792802,0,0
7.551887971992998,-1.8045283252987996,0,0
7.556889222305577,-1.8513588455767753,0,0
7.561890472618154,-1.8365411918313654,0,0
7.566891722930732,-1.8429426807814009,0,0
7.571892973243311,-1.8303707931987752,0,0
7.576894223555889,-1.8253905824005954,0,0
7.5818954738684665,-1.7780473652579991,0,0
7.586896724181045,-1.8077616784077124,0,0
7.591897974493623,-1.832915098411915,0,0
7.596899224806202,-1.8236671235022122,0,0
7.6019004751187795,-1.8248816118060216,0,0
7.606901725431357,-1.8419366933231585,0,0
7.611902975743936,-1.8606038412623356,0,0
7.616904226056514,-1.8307626305373683,0,0
7.621905476369092,-1.8254313099956954,0,0
7.62690672668167,-1.866305994723594,0,0
7.631907976994248,-1.8508985261204773,0,0
7.636909227306827,-1.8362424120567393,0,0
7.641910477619405,-1.8384578557172084,0,0
7.6469117279319825,-1.8010920468816711,0,0
7.651912978244561,-1.8592017925780713,0,0
7.656914228557139,-1.8739166785762789,0,0
7.661915478869717,-1.8405479073448334,0,0
7.6669167291822955,-1.885358299428361,0,0
7.671917979494873,-1.8635541048094073,0,0
7.676919229807452,-1.9136034064032084,0,0
7.68192048012003,-1.8468607508263288,0,0
7.686921730432608,-1.7933511959544692,0,0
7.691922980745186,-1.8742497295706277,0,0
7.696924231057764,-1.873609238143222,0,0
7.701925481370343,-1.8475905301729638,0,0
7.706926731682921,-1.8368887554921673,0,0
7.7119279819954984,-1.9142711661275937,0,0
7.716929232308077,-1.8754902653949983,0,0
7.721930482620655,-1.8663882996376322,0,0
7.726931732933233,-1.8700941509839963,0,0
7.7319329832458115,-1.8639688836953379,0,0
7.736934233558389,-1.8783712490028988,0,0
7.741935483870968,-1.8819574826654135,0,0
7.746936734183546,-1.908422376689363,0,0
7.751937984496124,-1.8276402201291955,0,0
7.756939234808702,-1.8777150991285727,0,0
7.76194048512128,-1.846226372993069,0,0
7.766941735433858,-1.8827006804782571,0,0
7.771942985746437,-1.8784824355645149,0,0
7.776944236059014,-1.8872461690310474,0,0
7.781945486371593,-1.8670454647415453,0,0
7.786946736684171,-1.8840268398486184,0,0
7.791947986996749,-1.9315664181156238,0,0
7.796949237309327,-1.8108939458459434,0,0
7.801950487621905,-1.8827106050970375,0,0
7.806951737934483,-1.9106881503812112,0,0
7.811952988247062,-1.9351015127980857,0,0
7.81695423855964,-1.9158292848717262,0,0
7.821955488872218,-1.9006309925347318,0,0
7.826956739184796,-1.921892330847775,0,0
7.831957989497374,-1.8788283889427075,0,0
7.836959239809953,-1.9411567894873971,0,0
7.84196049012253,-1.8949580672255022,0,0
7.846961740435108,-1.8923654806727737,0,0
7.851962990747687,-1.9306653786677177,0,0
7.856964241060265,-1.933533421333031,0,0
7.861965491372843,-1.9280102549157039,0,0
7.866966741685421,-1.9012762721021181,0,0
7.871967991997999,-1.916663026923747,0,0
7.876969242310578,-1.9187779426656362,0,0
7.8819704926231555,-1.900607728651927,0,0
7.886971742935733,-1.8765208909416728,0,0
7.891972993248312,-1.928811667503892,0,0
7.89697424356089,-1.9463328305762233,0,0
7.9019754938734685,-1.9175059510253076,0,0
7.906976744186046,-1.917874551889948,0,0
7.911977994498624,-1.879420777047279,0,0
7.916979244811203,-1.8905372889855125,0,0
7.921980495123781,-1.9121875045571965,0,0
7.9269817454363585,-1.9383337676209675,0,0
7.931982995748937,-1.880096933071424,0,0
7.936984246061515,-1.9357731037307446,0,0
7.941985496374094,-1.9055034558369104,0,0
7.9469867466866715,-1.9047030941733822,0,0
7.951987996999249,-1.8938546332912016,0,0
7.956989247311828,-1.9403280185413923,0,0
7.961990497624406,-1.8753059650195492,0,0
7.966991747936984,-1.8928649372003643,0,0
7.971992998249562,-1.931161003248117,0,0
7.97699424856214,-1.9302467649477937,0,0
7.981995498874719,-1.980395725009438,0,0
7.986996749187297,-1.918278000083444,0,0
7.991997999499874,-1.9118472040249377,0,0
7.996999249812453,-1.9552551492288701,0,0
8.002000500125032,-1.9312945571202178,0,0
8.00700175043761,-1.9642475933074084,0,0
8.012003000750187,-1.8602257873334653,0,0
8.017004251062765,-1.952883905969195,0,0
8.022005501375343,-1.934973026594215,0,0
8.027006751687923,-1.9237810148180337,0,0
8.0320080020005,-1.950725272516317,0,0
8.037009252313078,-1.92937787654721,0,0
8.042010502625656,-1.9163243502148941,0,0
8.047011752938234,-1.885542932477837,0,0
8.052013003250812,-1.9124777085431945,0,0
8.057014253563391,-1.880570381805975,0,0
8.062015503875969,-1.980435458453626,0,0
8.067016754188547,-1.9708192773527882,0,0
8.072018004501125,-1.9828263974717262,0,0
8.077019254813703,-1.952033221315329,0,0
8.082020505126282,-1.967357960375885,0,0
8.08702175543886,-1.9674533484688215,0,0
8.092023005751438,-1.9538041058544207,0,0
8.097024256064016,-1.9488152557524752,0,0
8.102025506376593,-1.9839196905923733,0,0
8.107026756689173,-1.9557780306147932,0,0
8.11202800700175,-1.9617102251426128,0,0
8.117029257314329,-1.967641023844413,0,0
8.122030507626906,-1.9274193088897074,0,0
8.127031757939484,-2.0162759213925585,0,0
8.132033008252062,-1.980609157414267,0,0
8.137034258564642,-1.9836252582220606,0,0
8.14203550887722,-1.982130598545522,0,0
8.147036759189797,-1.9840747817680218,0,0
8.152038009502375,-1.993642873995375,0,0
8.157039259814953,-1.9901901489175169,0,0
8.162040510127532,-1.958218180712509,0,0
8.16704176044011,-1.9612790806765548,0,0
8.172043010752688,-2.0141018406439346,0,0
8.177044261065266,-2.0320188117708153,0,0
8.182045511377844,-1.9984496765227515,0,0
8.187046761690423,-2.031495785794429,0,0
8.192048012003001,-1.9765933834028668,0,0
8.197049262315579,-1.9761683987313932,0,0
8.202050512628157,-2.0400152900966004,0,0
8.207051762940734,-1.9710703935737697,0,0
8.212053013253312,-1.9912393730564995,0,0
8.217054263565892,-2.020566903786403,0,0
8.22205551387847,-1.9589731162339734,0,0
8.227056764191047,-1.9257202146068468,0,0
8.232058014503625,-1.9942060651977875,0,0
8.237059264816203,-1.9845066773082436,0,0
8.242060515128783,-2.0226326659257796,0,0
8.24706176544136,-1.9806791989282961,0,0
8.252063015753938,-2.0066000459727964,0,0
8.257064266066516,-1.9773413225513379,0,0
8.262065516379094,-2.001841495680131,0,0
8.267066766691674,-1.988513768194607,0,0
8.272068017004251,-2.0138884601954428,0,0
8.27706926731683,-2.041739523662155,0,0
8.282070517629407,-1.9900913400003293,0,0
8.287071767941985,-1.951517275628525,0,0
8.292073018254563,-2.0729182631676797,0,0
8.297074268567142,-1.9967894416481675,0,0
8.30207551887972,-2.0352345285536484,0,0
8.307076769192298,-2.0486223167630437,0,0
8.312078019504876,-2.0025374211631015,0,0
8.317079269817453,-2.01380844642435,0,0
8.322080520130033,-2.0069651813784697,0,0
8.32708177044261,-2.0020687358267364,0,0
8.332083020755189,-2.0687299665903995,0,0
8.337084271067766,-1.9715770563291886,0,0
8.342085521380344,-1.9767145967260709,0,0
8.347086771692924,-2.036143625687861,0,0
8.352088022005502,-2.0202652249191555,0,0
8.35708927231808,-2.0564916383183234,0,0
8.362090522630657,-2.015533926470652,0,0
8.367091772943235,-2.021359735966786,0,0
8.372093023255815,-2.018349981780814,0,0
8.377094273568392,-2.0330715403130584,0,0
8.38209552388097,-2.0115136607599045,0,0
8.387096774193548,-2.026500971927392,0,0
8.392098024506126,-2.0355169139408336,0,0
8.397099274818704,-2.0233207674051235,0,0
8.402100525131283,-2.0147759033645314,0,0
8.407101775443861,-2.013722436188696,0,0
8.412103025756439,-2.0228463971714494,0,0
8.417104276069017,-1.996159456827524,0,0
8.422105526381594,-2.047374031222754,0,0
8.427106776694174,-2.0004284552834,0,0
8.432108027006752,-2.0518742187347656,0,0
8.43710927731933,-2.051206684514714,0,0
8.442110527631908,-2.0520653925243595,0,0
8.447111777944485,-2.0162770482419607,0,0
8.452113028257065,-2.0567576615611194,0,0
8.457114278569643,-2.0746729470377687,0,0
8.46211552888222,-2.0340598241067043,0,0
8.467116779194798,-2.0706273197624054,0,0
8.472118029507376,-2.0561599911562163,0,0
8.477119279819954,-2.051814789695902,0,0
8.482120530132534,-2.0500586895997928,0,0
8.487121780445111,-2.0237176602389666,0,0
8.49212303075769,-2.0590254841748035,0,0
8.497124281070267,-2.094412921006925,0,0
8.502125531382845,-2.034535069157783,0,0
8.507126781695424,-2.0811615185915793,0,0
8.512128032008002,-2.093071745134697,0,0
8.51712928232058,-2.0733683352529804,0,0
8.522130532633158,-2.041262859103176,0,0
8.527131782945736,-2.103693084404058,0,0
8.532133033258315,-2.088084436547726,0,0
8.537134283570893,-2.037623398422428,0,0
8.54213553388347,-2.017424895815625,0,0
8.547136784196049,-2.067846497844881,0,0
8.552138034508626,-2.0449693570752183,0,0
8.557139284821204,-2.0641751941377278,0,0
8.562140535133784,-2.0728015278770564,0,0
8.567141785446362,-2.10225775594598,0,0
8.57214303575894,-2.0707318832918733,0,0
8.577144286071517,-2.0912665215629938,0,0
8.582145536384095,-2.084212738481669,0,0
8.587146786696675,-2.075426753185911,0,0
8.592148037009252,-2.070416154496384,0,0
8.59714928732183,-2.1067927751084943,0,0
8.602150537634408,-2.096993205690866,0,0
8.607151787946986,-2.0632346078612906,0,0
8.612153038259565,-2.0374036643230475,0,0
8.617154288572143,-2.083124190183566,0,0
8.622155538884721,-2.06447782883904,0,0
8.627156789197299,-2.0654697628789083,0,0
8.632158039509877,-2.1027273893490936,0,0
8.637159289822455,-2.0682591755317716,0,0
8.642160540135034,-2.1117036502271915,0,0
8.647161790447612,-2.131325574072251,0,0
8.65216304076019,-2.109447974224032,0,0
8.657164291072768,-2.0829950362792853,0,0
8.662165541385345,-2.1190434653427235,0,0
8.667166791697925,-2.073057587475562,0,0
8.672168042010503,-2.1183692842471626,0,0
8.67716929232308,-2.0827900875930085,0,0
8.682170542635658,-2.1063048440362473,0,0
8.687171792948236,-2.0629014373396664,0,0
8.692173043260816,-2.112947088895304,0,0
8.697174293573394,-2.107565836680597,0,0
8.702175543885971,-2.1093563327610867,0,0
8.70717679419855,-2.1363405872755656,0,0
8.712178044511127,-2.095653730966199,0,0
8.717179294823707,-2.1346928019577414,0,0
8.722180545136284,-2.1351921880068456,0,0
8.727181795448862,-2.1224068479190574,0,0
8.73218304576144,-2.1241960387995173,0,0
8.737184296074018,-2.073995789661719,0,0
8.742185546386596,-2.1289688596221814,0,0
8.747186796699175,-2.0778307124612794,0,0
8.752188047011753,-2.182132668924997,0,0
8.75718929732433,-2.0999175103700956,0,0
8.762190547636909,-2.125926681483871,0,0
8.767191797949486,-2.0698750299209396,0,0
8.772193048262066,-2.155245551578171,0,0
8.777194298574644,-2.1261223613726887,0,0
8.782195548887222,-2.1241990386290395,0,0
8.7871967991998,-2.1975575549448894,0,0
8.792198049512377,-2.13346633620742,0,0
8.797199299824957,-2.050792258303024,0,0
8.802200550137535,-2.1302342033281496,0,0
8.807201800450112,-2.1099675366749713,0,0
8.81220305076269,-2.1386514922099833,0,0
8.817204301075268,-2.0935434887306634,0,0
8.822205551387846,-2.1583454461498244,0,0
8.827206801700425,-2.167167370317606,0,0
8.832208052013003,-2.1166657877014528,0,0
8.837209302325581,-2.1759992399215675,0,0
8.842210552638159,-2.140034413161824,0,0
8.847211802950737,-2.1998777021182025,0,0
8.852213053263316,-2.126051194964855,0,0
8.857214303575894,-2.159309659724757,0,0
8.862215553888472,-2.144596959528744,0,0
8.86721680420105,-2.1447420267306536,0,0
8.872218054513628,-2.1414037679878204,0,0
8.877219304826207,-2.163223487004737,0,0
8.882220555138785,-2.1688186623229284,0,0
8.887221805451363,-2.1299366312369186,0,0
8.89222305576394,-2.1213492784222505,0,0
8.897224306076518,-2.199456773516018,0,0
8.902225556389096,-2.1774687731080746,0,0
8.907226806701676,-2.170626903038509,0,0
8.912228057014254,-2.178622633241381,0,0
8.917229307326831,-2.133097633904683,0,0
8.92223055763941,-2.1632686282896847,0,0
8.927231807951987,-2.172351765482264,0,0
8.932233058264567,-2.1541960855808133,0,0
8.937234308577144,-2.127234952768382,0,0
8.942235558889722,-2.225267395038989,0,0
8.9472368092023,-2.1530433766613406,0,0
8.952238059514878,-2.174941936963601,0,0
8.957239309827457,-2.181214284763262,0,0
8.962240560140035,-2.1738200425268976,0,0
8.967241810452613,-2.230218637979498,0,0
8.97224306076519,-2.1764298762945997,0,0
8.977244311077769,-2.165461199666006,0,0
8.982245561390348,-2.1879288369151473,0,0
8.987246811702926,-2.2139561759562496,0,0
8.992248062015504,-2.1993747421616408,0,0
8.997249312328082,-2.15807508847155,0,0
9.00225056264066,-2.1337543890406154,0,0
9.007251812953237,-2.181700777518129,0,0
9.012253063265817,-2.163250765440995,0,0
9.017254313578395,-2.1483047817521355,0,0
9.022255563890972,-2.1760074038154844,0,0
9.02725681420355,-2.2122704610011654,0,0
9.032258064516128,-2.1785488277684233,0,0
9.037259314828708,-2.139591103661332,0,0
9.042260565141286,-2.2078075792265293,0,0
9.047261815453863,-2.2037256767205373,0,0
9.052263065766441,-2.2264205362594454,0,0
9.057264316079019,-2.1896074099437435,0,0
9.062265566391599,-2.222105074727381,0,0
9.067266816704176,-2.172563707244068,0,0
9.072268067016754,-2.172363768935091,0,0
9.077269317329332,-2.214358754501405,0,0
9.08227056764191,-2.2090183473450615,0,0
9.087271817954488,-2.199779042049196,0,0
9.092273068267067,-2.232944217133913,0,0
9.097274318579645,-2.2196412891733646,0,0
9.102275568892223,-2.152523863927235,0,0
9.1072768192048,-2.205144096541666,0,0
9.112278069517378,-2.2985161521199764,0,0
9.117279319829958,-2.1697375924678455,0,0
9.122280570142536,-2.208435228911705,0,0
9.127281820455114,-2.210853832092496,0,0
9.132283070767691,-2.170419325388434,0,0
9.13728432108027,-2.1742889032351904,0,0
9.142285571392849,-2.1808906896551785,0,0
9.147286821705427,-2.176772002204139,0,0
9.152288072018004,-2.26648870106831,0,0
9.157289322330582,-2.1924036558495965,0,0
9.16229057264316,-2.2382376076934323,0,0
9.167291822955738,-2.224314995412514,0,0
9.172293073268317,-2.1918793340576337,0,0
9.177294323580895,-2.1945878439201025,0,0
9.182295573893473,-2.2145255425370256,0,0
9.18729682420605,-2.241625742930676,0,0
9.192298074518629,-2.1944588620336924,0,0
9.197299324831208,-2.2382511994704366,0,0
9.202300575143786,-2.2235674776211503,0,0
9.207301825456364,-2.2230631448004865,0,0
9.212303075768942,-2.2189202505985444,0,0
9.21730432608152,-2.2611310795567583,0,0
9.222305576394099,-2.213903869929325,0,0
9.227306826706677,-2.220899281155706,0,0
9.232308077019255,-2.2519307210194404,0,0
9.237309327331833,-2.2262298758686465,0,0
9.24231057764441,-2.2026562071477938,0,0
9.247311827956988,-2.2752621965320263,0,0
9.252313078269568,-2.2460491575342725,0,0
9.257314328582146,-2.267290238811766,0,0
9.262315578894723,-2.2583283859459082,0,0
9.267316829207301,-2.221436201949785,0,0
9.272318079519879,-2.255734766519115,0,0
9.277319329832459,-2.267591273502638,0,0
9.282320580145036,-2.2169586022906276,0,0
9.287321830457614,-2.23497011009848,0,0
9.292323080770192,-2.2269989833843438,0,0
9.29732433108277,-2.1856164100280226,0,0
9.30232558139535,-2.2610490455244845,0,0
9.307326831707927,-2.304653426734324,0,0
9.312328082020505,-2.195486228914085,0,0
9.317329332333083,-2.2565463330194357,0,0
9.32233058264566,-2.251649260531646,0,0
9.32733183295824,-2.2352195601729963,0,0
9.332333083270818,-2.2430249169308207,0,0
9.337334333583396,-2.2962807130171137,0,0
9.342335583895974,-2.290630913216972,0,0
9.347336834208551,-2.2932064317201513,0,0
9.35233808452113,-2.2850263167831018,0,0
9.357339334833709,-2.264373796440972,0,0
9.362340585146287,-2.250355839455802,0,0
9.367341835458864,-2.2500682657125695,0,0
9.372343085771442,-2.2978542442662553,0,0
9.37734433608402,-2.2728011150754965,0,0
9.3823455863966,-2.292719287546547,0,0
9.387346836709177,-2.2866546249072273,0,0
9.392348087021755,-2.254278798419746,0,0
9.397349337334333,-2.271806194878807,0,0
9.402350587646911,-2.3041351343289302,0,0
9.40735183795949,-2.2642317284519424,0,0
9.412353088272068,-2.2663922668451324,0,0
9.417354338584646,-2.2686595487820016,0,0
9.422355588897224,-2.2822082127022565,0,0
9.427356839209802,-2.2808144106836035,0,0
9.43235808952238,-2.2552489059050567,0,0
9.43735933983496,-2.293045204336855,0,0
9.442360590147537,-2.2741037873652754,0,0
9.447361840460115,-2.3053612809098776,0,0
9.452363090772693,-2.2667767371578056,0,0
9.45736434108527,-2.248811167997968,0,0
9.46236559139785,-2.2938241021016683,0,0
9.467366841710428,-2.2851926692608076,0,0
9.472368092023006,-2.2854596515116,0,0
9.477369342335583,-2.298202953703335,0,0
9.482370592648161,-2.249788391748327,0,0
9.48737184296074,-2.2914361783678774,0,0
9.492373093273319,-2.332901219704772,0,0
9.497374343585896,-2.2702603054837334,0,0
9.502375593898474,-2.315682849150292,0,0
9.507376844211052,-2.274257210869335,0,0
9.51237809452363,-2.362916132970159,0,0
9.51737934483621,-2.271986886799586,0,0
9.522380595148787,-2.3335988847953697,0,0
9.527381845461365,-2.3162796855653047,0,0
9.532383095773943,-2.301261026001292,0,0
9.53738434608652,-2.2937157486045954,0,0
9.5423855963991,-2.3413039903894295,0,0
9.547386846711678,-2.293860972757545,0,0
9.552388097024256,-2.2906127147479576,0,0
9.557389347336834,-2.314524150518953,0,0
9.562390597649411,-2.313618415234527,0,0
9.567391847961991,-2.2827202430953335,0,0
9.572393098274569,-2.332811057803095,0,0
9.577394348587147,-2.3018610081453,0,0
9.582395598899724,-2.31370527316514,0,0
9.587396849212302,-2.3224505371602637,0,0
9.59239809952488,-2.341413020003708,0,0
9.59739934983746,-2.355531289865658,0,0
9.602400600150037,-2.3103365450939894,0,0
9.607401850462615,-2.3075125815897666,0,0
9.612403100775193,-2.3036617101005565,0,0
9.617404351087771,-2.332345057097603,0,0
9.62240560140035,-2.322376540892236,0,0
9.627406851712928,-2.327141712425891,0,0
9.632408102025506,-2.320534150923442,0,0
9.637409352338084,-2.3369005111189383,0,0
9.642410602650662,-2.2976815972710827,0,0
9.647411852963241,-2.347927203545324,0,0
9.65241310327582,-2.3722179561984804,0,0
9.657414353588397,-2.3399954969711674,0,0
9.662415603900975,-2.3482418286764797,0,0
9.667416854213553,-2.282627820087344,0,0
9.672418104526132,-2.3579103192699997,0,0
9.67741935483871,-2.371192847265976,0,0
9.682420605151288,-2.309711778591524,0,0
9.687421855463866,-2.2918906539670107,0,0
9.692423105776443,-2.284790447827915,0,0
9.697424356089021,-2.3656971862131946,0,0
9.7024256064016,-2.3714370887170784,0,0
9.707426856714179,-2.2708379201947957,0,0
9.712428107026756,-2.3569092980355735,0,0
9.717429357339334,-2.386839147755617,0,0
9.722430607651912,-2.334237404892825,0,0
9.727431857964492,-2.4193812122979748,0,0
9.73243310827707,-2.412823359852802,0,0
9.737434358589647,-2.3673371880249596,0,0
9.742435608902225,-2.3440330947491588,0,0
9.747436859214803,-2.3628618883211567,0,0
9.752438109527382,-2.35260712256821,0,0
9.75743935983996,-2.33146893701939,0,0
9.762440610152538,-2.3160124108580415,0,0
9.767441860465116,-2.3884934288304294,0,0
9.772443110777694,-2.387384203667198,0,0
9.777444361090271,-2.359248599605551,0,0
9.782445611402851,-2.38218254916693,0,0
9.787446861715429,-2.3930679455675676,0,0
9.792448112028007,-2.3771416264681546,0,0
9.797449362340584,-2.403716165833086,0,0
9.802450612653162,-2.36926148141887,0,0
9.807451862965742,-2.3521570408693053,0,0
9.81245311327832,-2.3805320313989466,0,0
9.817454363590898,-2.393623825336084,0,0
9.822455613903475,-2.4161321469837094,0,0
9.827456864216053,-2.4038309840348355,0,0
9.832458114528633,-2.40684143038099,0,0
9.83745936484121,-2.3355331558702424,0,0
9.842460615153788,-2.3237334875351916,0,0
9.847461865466366,-2.3938112909529163,0,0
9.852463115778944,-2.37655996428182,0,0
9.857464366091522,-2.3232510722928064,0,0
9.862465616404101,-2.412237796644696,0,0
9.86746686671668,-2.324388813380318,0,0
9.872468117029257,-2.402072742015633,0,0
9.877469367341835,-2.4130647349817482,0,0
9.882470617654413,-2.325902137356569,0,0
9.887471867966992,-2.405957684681813,0,0
9.89247311827957,-2.3820182332970976,0,0
9.897474368592148,-2.3672501420816685,0,0
9.902475618904726,-2.3934447411030284,0,0
9.907476869217303,-2.4243054053500686,0,0
9.912478119529883,-2.4103653508599616,0,0
9.91747936984246,-2.3756389130700715,0,0
9.922480620155039,-2.356404913033202,0,0
9.927481870467616,-2.3812958576489076,0,0
9.932483120780194,-2.4471860931805263,0,0
9.937484371092774,-2.388401561805486,0,0
9.942485621405352,-2.420848618870063,0,0
9.94748687171793,-2.3669243346237794,0,0
9.952488122030507,-2.3804172086100985,0,0
9.957489372343085,-2.423326247070368,0,0
9.962490622655663,-2.4383230080871425,0,0
9.967491872968242,-2.4279948451626177,0,0
9.97249312328082,-2.4066987159105344,0,0
9.977494373593398,-2.3943935284854114,0,0
9.982495623905976,-2.438655860942712,0,0
9.987496874218554,-2.4169553146794556,0,0
9.992498124531133,-2.3747448129633675,0,0
9.997499374843711,-2.3772587624694403,0,0
10.002500625156289,-2.439767090305411,0,0
10.007501875468867,-2.372530674159038,0,0
10.012503125781445,-2.3887647169465875,0,0
10.017504376094024,-2.4130415649968655,0,0
10.022505626406602,-2.3990296269614033,0,0
10.02750687671918,-2.4510721959363804,0,0
10.032508127031758,-2.4209564639312466,0,0
10.037509377344335,-2.41551236590223,0,0
10.042510627656913,-2.410347763031468,0,0
10.047511877969493,-2.4558749910079904,0,0
10.05251312828207,-2.3970523189807644,0,0
10.057514378594648,-2.43118706386518,0,0
10.062515628907226,-2.4639267606665585,0,0
10.067516879219804,-2.386034340520722,0,0
10.072518129532384,-2.394771087966069,0,0
10.077519379844961,-2.435533162081107,0,0
10.08252063015754,-2.456066892502368,0,0
10.087521880470117,-2.429529143808046,0,0
10.092523130782695,-2.4755622671992024,0,0
10.097524381095274,-2.502098941784732,0,0
10.102525631407852,-2.3900089567388227,0,0
10.10752688172043,-2.364331748469202,0,0
10.112528132033008,-2.426944374755739,0,0
10.117529382345586,-2.4375710852190715,0,0
10.122530632658163,-2.4697387771313197,0,0
10.127531882970743,-2.485077308029082,0,0
10.13253313328332,-2.481442087225329,0,0
10.137534383595899,-2.4320316862821065,0,0
10.142535633908476,-2.456228747583517,0,0
10.147536884221054,-2.4582611512022785,0,0
10.152538134533634,-2.4342404458617337,0,0
10.157539384846212,-2.467300528312639,0,0
10.16254063515879,-2.4305689781547235,0,0
10.167541885471367,-2.5364630876299077,0,0
10.172543135783945,-2.464516798773523,0,0
10.177544386096525,-2.433421403931801,0,0
10.182545636409102,-2.411650734135036,0,0
10.18754688672168,-2.446332998463614,0,0
10.192548137034258,-2.438513544779674,0,0
10.197549387346836,-2.5404319225070036,0,0
10.202550637659414,-2.45483004634464,0,0
10.207551887971993,-2.468868077787103,0,0
10.212553138284571,-2.5034044745662776,0,0
10.217554388597149,-2.472366630043234,0,0
10.222555638909727,-2.4731646673262655,0,0
10.227556889222305,-2.4860345227232856,0,0
10.232558139534884,-2.4598102080312683,0,0
10.237559389847462,-2.4370735862636907,0,0
10.24256064016004,-2.4586231554535045,0,0
10.247561890472618,-2.4612276334472023,0,0
10.252563140785195,-2.5080801090484313,0,0
10.257564391097775,-2.4700115856402234,0,0
10.262565641410353,-2.4790442975449993,0,0
10.26756689172293,-2.4740648062224175,0,0
10.272568142035508,-2.4535791571140106,0,0
10.277569392348086,-2.4822914665291806,0,0
10.282570642660666,-2.515564384150234,0,0
10.287571892973244,-2.469931333721257,0,0
10.292573143285821,-2.5098717854668515,0,0
10.2975743935984,-2.4995405428360438,0,0
10.302575643910977,-2.502974322369096,0,0
10.307576894223555,-2.4954574062646673,0,0
10.312578144536134,-2.569310519691713,0,0
10.317579394848712,-2.523975207749768,0,0
10.32258064516129,-2.501196812928526,0,0
10.327581895473868,-2.5019428564785837,0,0
10.332583145786446,-2.508597148624948,0,0
10.337584396099025,-2.5002127886258343,0,0
10.342585646411603,-2.4953822111784487,0,0
10.34758689672418,-2.5350944300079945,0,0
10.352588147036759,-2.4638922394276315,0,0
10.357589397349336,-2.5140229944152743,0,0
10.362590647661916,-2.506068035854189,0,0
10.367591897974494,-2.5165520784598994,0,0
10.372593148287072,-2.550844878189985,0,0
10.37759439859965,-2.5515136046155797,0,0
10.382595648912227,-2.5200182425271724,0,0
10.387596899224805,-2.4703910496087387,0,0
10.392598149537385,-2.5470279386532426,0,0
10.397599399849963,-2.5104060410141567,0,0
10.40260065016254,-2.551536420772521,0,0
10.407601900475118,-2.5185425229847174,0,0
10.412603150787696,-2.551804307094178,0,0
10.417604401100276,-2.5595168961236148,0,0
10.422605651412853,-2.559250571571934,0,0
10.427606901725431,-2.548540112861305,0,0
10.432608152038009,-2.530177822046362,0,0
10.437609402350587,-2.5406118161086626,0,0
10.442610652663166,-2.5535253240410576,0,0
10.447611902975744,-2.5171574693658605,0,0
10.452613153288322,-2.5190938724453105,0,0
10.4576144036009,-2.537614915329599,0,0
10.462615653913478,-2.5151067593567666,0,0
10.467616904226055,-2.538763422421699,0,0
10.472618154538635,-2.571471220202803,0,0
10.477619404851213,-2.5046767104907413,0,0
10.48262065516379,-2.547553250430572,0,0
10.487621905476368,-2.5522835442906744,0,0
10.492623155788946,-2.4829357211983516,0,0
10.497624406101526,-2.5859831035387044,0,0
10.502625656414104,-2.5703183726521566,0,0
10.507626906726681,-2.568336590513022,0,0
10.51262815703926,-2.5132651129446923,0,0
10.517629407351837,-2.5237342365915025,0,0
10.522630657664417,-2.5272307021071003,0,0
10.527631907976994,-2.569598582205577,0,0
10.532633158289572,-2.5688775160470656,0,0
10.53763440860215,-2.5828142592428924,0,0
10.542635658914728,-2.528905618626918,0,0
10.547636909227306,-2.5812420931113356,0,0
10.552638159539885,-2.572776279931197,0,0
10.557639409852463,-2.6007663104606533,0,0
10.56264066016504,-2.543200857550512,0,0
10.567641910477619,-2.5672048237160325,0,0
10.572643160790197,-2.5143248659016546,0,0
10.577644411102776,-2.5453867073315752,0,0
10.582645661415354,-2.5878826273988498,0,0
10.587646911727932,-2.6112413392120817,0,0
10.59264816204051,-2.6048687354559625,0,0
10.597649412353087,-2.5638049074758,0,0
10.602650662665667,-2.5797936645132458,0,0
10.607651912978245,-2.581729001652663,0,0
10.612653163290823,-2.5666108754876342,0,0
10.6176544136034,-2.6163028229359897,0,0
10.622655663915978,-2.6174595022518434,0,0
10.627656914228558,-2.5948735221224197,0,0
10.632658164541136,-2.5924000083580636,0,0
10.637659414853713,-2.6210651469386335,0,0
10.642660665166291,-2.542580308369613,0,0
10.647661915478869,-2.593077278412069,0,0
10.652663165791447,-2.631749178532128,0,0
10.657664416104026,-2.5775254080553442,0,0
10.662665666416604,-2.5592858288088904,0,0
10.667666916729182,-2.512893084444359,0,0
10.67266816704176,-2.599354837386112,0,0
10.677669417354338,-2.582705155864929,0,0
10.682670667666917,-2.618508484369813,0,0
10.687671917979495,-2.615881381651895,0,0
10.692673168292073,-2.6601611326243266,0,0
10.69767441860465,-2.6039911033436036,0,0
10.702675668917228,-2.5872876518528214,0,0
10.707676919229808,-2.643366385164325,0,0
10.712678169542386,-2.569224945064932,0,0
10.717679419854964,-2.505650179614807,0,0
10.722680670167541,-2.6568825458244243,0,0
10.72768192048012,-2.594850317151717,0,0
10.732683170792697,-2.617316247184576,0,0
10.737684421105277,-2.6047479257606727,0,0
10.742685671417854,-2.6103377298335504,0,0
10.747686921730432,-2.551612037454299,0,0
10.75268817204301,-2.593837871745875,0,0
10.757689422355588,-2.5943897075354,0,0
10.762690672668167,-2.561077814938361,0,0
10.767691922980745,-2.612263635982352,0,0
10.772693173293323,-2.556740601884871,0,0
10.777694423605901,-2.635323972711611,0,0
10.782695673918479,-2.633838031537477,0,0
10.787696924231058,-2.6048787994279667,0,0
10.792698174543636,-2.61935477446044,0,0
10.797699424856214,-2.618268855724406,0,0
10.802700675168792,-2.62728135053675,0,0
10.80770192548137,-2.6730598282968483,0,0
10.812703175793947,-2.601758110500001,0,0
10.817704426106527,-2.630292468202932,0,0
10.822705676419105,-2.6129344894413316,0,0
10.827706926731683,-2.6337489423321903,0,0
10.83270817704426,-2.616625834247075,0,0
10.837709427356838,-2.6750170582025063,0,0
10.842710677669418,-2.646631553119576,0,0
10.847711927981996,-2.6433096525781354,0,0
10.852713178294573,-2.631199377519209,0,0
10.857714428607151,-2.5970842989238196,0,0
10.862715678919729,-2.6140677317497656,0,0
10.867716929232309,-2.5862519377239384,0,0
10.872718179544886,-2.587943839155989,0,0
10.877719429857464,-2.639293682899897,0,0
10.882720680170042,-2.5991720904584805,0,0
10.88772193048262,-2.6183376770017626,0,0
10.8927231807952,-2.6917571041468435,0,0
10.897724431107777,-2.645645712772145,0,0
10.902725681420355,-2.5972501690240897,0,0
10.907726931732933,-2.587058423165792,0,0
10.91272818204551,-2.650065546111847,0,0
10.917729432358088,-2.6652969034594935,0,0
10.922730682670668,-2.6306309441833764,0,0
10.927731932983246,-2.6465844575522413,0,0
10.932733183295824,-2.656760987043093,0,0
10.937734433608401,-2.6405001671882835,0,0
10.94273568392098,-2.6998040318040815,0,0
10.947736934233559,-2.632551977875314,0,0
10.952738184546137,-2.6215258024258357,0,0
10.957739434858714,-2.659065907142484,0,0
10.962740685171292,-2.6810298107715016,0,0
10.96774193548387,-2.649761537388293,0,0
10.97274318579645,-2.6412442925663835,0,0
10.977744436109028,-2.670392526652798,0,0
10.982745686421605,-2.652352138705864,0,0
10.987746936734183,-2.696617444222886,0,0
10.992748187046761,-2.728244803502537,0,0
10.997749437359339,-2.644992136643726,0,0
11.002750687671918,-2.661131858163557,0,0
11.007751937984496,-2.6571529074464872,0,0
11.012753188297074,-2.7325528513607527,0,0
11.017754438609652,-2.6895697186167595,0,0
11.02275568892223,-2.6535797703420894,0,0
11.02775693923481,-2.7195356240954967,0,0
11.032758189547387,-2.693307323660993,0,0
11.037759439859965,-2.719369432602457,0,0
11.042760690172543,-2.658012272932632,0,0
11.04776194048512,-2.6716470051473427,0,0
11.0527631907977,-2.6444720456934387,0,0
11.057764441110278,-2.736433057231818,0,0
11.062765691422856,-2.6891358381019335,0,0
11.067766941735433,-2.7078439923487894,0,0
11.072768192048011,-2.6307670037286353,0,0
11.077769442360589,-2.681336004647606,0,0
11.082770692673169,-2.6902556593967706,0,0
11.087771942985746,-2.6986963556949912,0,0
11.092773193298324,-2.7174118807770014,0,0
11.097774443610902,-2.720250768072347,0,0
11.10277569392348,-2.7051736776337587,0,0
11.10777694423606,-2.6836252515114825,0,0
11.112778194548637,-2.7221010449951577,0,0
11.117779444861215,-2.6541328734467036,0,0
11.122780695173793,-2.688040622628808,0,0
11.12778194548637,-2.696009211988203,0,0
11.13278319579895,-2.674194349049358,0,0
11.137784446111528,-2.699500961507528,0,0
11.142785696424106,-2.7340608651946474,0,0
11.147786946736684,-2.6357387564237036,0,0
11.152788197049261,-2.7937793433948497,0,0
11.15778944736184,-2.70495083256693,0,0
11.162790697674419,-2.6863343952280703,0,0
11.167791947986997,-2.699086323439579,0,0
11.172793198299575,-2.7422548215329425,0,0
11.177794448612152,-2.7239665058493547,0,0
11.18279569892473,-2.7284512595261363,0,0
11.18779694923731,-2.718700113699656,0,0
11.192798199549888,-2.7231346829868763,0,0
11.197799449862465,-2.6909643060845023,0,0
11.202800700175043,-2.7252245727996285,0,0
11.207801950487621,-2.746578999245569,0,0
11.2128032008002,-2.702865868531897,0,0
11.217804451112778,-2.7008971583807786,0,0
11.222805701425356,-2.6761306153511097,0,0
11.227806951737934,-2.761264069542082,0,0
11.232808202050512,-2.7368893934785854,0,0
11.237809452363091,-2.753493190844498,0,0
11.24281070267567,-2.7250400500350387,0,0
11.247811952988247,-2.747211811886919,0,0
11.252813203300825,-2.7011845847879843,0,0
11.257814453613403,-2.7274336366843013,0,0
11.26281570392598,-2.7444938417074702,0,0
11.26781695423856,-2.7118250232227123,0,0
11.272818204551138,-2.729258927934481,0,0
11.277819454863716,-2.7127474364871933,0,0
11.282820705176293,-2.666190763976657,0,0
11.287821955488871,-2.7551109452337714,0,0
11.29282320580145,-2.752318229623555,0,0
11.297824456114029,-2.7678039886168753,0,0
11.302825706426606,-2.7150660766085704,0,0
11.307826956739184,-2.7244396510970184,0,0
11.312828207051762,-2.7359267030725007,0,0
11.317829457364342,-2.7257020655214172,0,0
11.32283070767692,-2.768113244710336,0,0
11.327831957989497,-2.7175936190235026,0,0
11.332833208302075,-2.7511979109191196,0,0
11.337834458614653,-2.7243135939213774,0,0
11.34283570892723,-2.76280060270352,0,0
11.34783695923981,-2.74167169570501,0,0
11.352838209552388,-2.7702568543477257,0,0
11.357839459864966,-2.7281755820423683,0,0
11.362840710177544,-2.7378949128097028,0,0
11.367841960490122,-2.7530471018608798,0,0
11.372843210802701,-2.742563859891064,0,0
11.377844461115279,-2.764757723230706,0,0
11.382845711427857,-2.776973879624481,0,0
11.387846961740435,-2.7160561245149277,0,0
11.392848212053012,-2.7302404159711875,0,0
11.397849462365592,-2.734295218294727,0,0
11.40285071267817,-2.7554679667369824,0,0
11.407851962990748,-2.737991905584584,0,0
11.412853213303325,-2.685949339806684,0,0
11.417854463615903,-2.829953631957771,0,0
11.422855713928481,-2.746950204149385,0,0
11.42785696424106,-2.735897105680852,0,0
11.432858214553638,-2.7831473027355624,0,0
11.437859464866216,-2.7695382223694973,0,0
11.442860715178794,-2.7661624662393196,0,0
11.447861965491372,-2.7251313604697165,0,0
11.452863215803951,-2.7855451825633306,0,0
11.45786446611653,-2.7792235122244766,0,0
11.462865716429107,-2.7343982339494093,0,0
11.467866966741685,-2.7686972978136857,0,0
11.472868217054263,-2.8034927700215264,0,0
11.477869467366842,-2.8150820951418765,0,0
11.48287071767942,-2.718451282362707,0,0
11.487871967991998,-2.76853907245828,0,0
11.492873218304576,-2.7572611746762696,0,0
11.497874468617153,-2.782513882315273,0,0
11.502875718929731,-2.7780746311655227,0,0
11.50787696924231,-2.829134491239113,0,0
11.512878219554889,-2.7488232924995475,0,0
11.517879469867466,-2.827554847259847,0,0
11.522880720180044,-2.8280414862526406,0,0
11.527881970492622,-2.8197218641431805,0,0
11.532883220805202,-2.771803936054806,0,0
11.53788447111778,-2.804369315829406,0,0
11.542885721430357,-2.745679193146897,0,0
11.547886971742935,-2.8332469989068443,0,0
11.552888222055513,-2.761541661067993,0,0
11.557889472368092,-2.803591757194471,0,0
11.56289072268067,-2.822330759778637,0,0
11.567891972993248,-2.798828893523013,0,0
11.572893223305826,-2.781565832770465,0,0
11.577894473618404,-2.815016905662057,0,0
11.582895723930983,-2.77245785851374,0,0
11.587896974243561,-2.7952529488397104,0,0
11.592898224556139,-2.796719288747,0,0
11.597899474868717,-2.8430300131746824,0,0
11.602900725181295,-2.8256539286892224,0,0
11.607901975493872,-2.8491573127059007,0,0
11.612903225806452,-2.8229945957484204,0,0
11.61790447611903,-2.791770711842556,0,0
11.622905726431608,-2.777877952239063,0,0
11.627906976744185,-2.856402187573142,0,0
11.632908227056763,-2.870181863490289,0,0
11.637909477369343,-2.806930507102478,0,0
11.64291072768192,-2.8254958500962544,0,0
11.647911977994498,-2.8519290961162085,0,0
11.652913228307076,-2.797550752903053,0,0
11.657914478619654,-2.843877164113886,0,0
11.662915728932234,-2.8450308380139493,0,0
11.667916979244811,-2.8340993443670426,0,0
11.67291822955739,-2.834034183145767,0,0
11.677919479869967,-2.783953325124851,0,0
11.682920730182545,-2.8249597842766976,0,0
11.687921980495123,-2.810282802093609,0,0
11.692923230807702,-2.85047432516597,0,0
11.69792448112028,-2.8738548224715834,0,0
11.702925731432858,-2.786380788713567,0,0
11.707926981745436,-2.7797082170403065,0,0
11.712928232058013,-2.851481362161982,0,0
11.717929482370593,-2.878427503048482,0,0
11.72293073268317,-2.885439780858142,0,0
11.727931982995749,-2.8622587264537867,0,0
11.732933233308326,-2.896931466421026,0,0
11.737934483620904,-2.7960242024494866,0,0
11.742935733933484,-2.8956722198719835,0,0
11.747936984246062,-2.8281118445761417,0,0
11.75293823455864,-2.85177379894326,0,0
11.757939484871217,-2.8889243902557995,0,0
11.762940735183795,-2.8581840759790875,0,0
11.767941985496373,-2.8216587628577434,0,0
11.772943235808953,-2.875205671524398,0,0
11.77794448612153,-2.8413416778506546,0,0
11.782945736434108,-2.8973903077739864,0,0
11.787946986746686,-2.868564493002603,0,0
11.792948237059264,-2.869314940642005,0,0
11.797949487371843,-2.863792314513129,0,0
11.802950737684421,-2.80585489836445,0,0
11.807951987996999,-2.879066659829279,0,0
11.812953238309577,-2.8828607211003856,0,0
11.817954488622155,-2.872388448276126,0,0
11.822955738934734,-2.888020136382903,0,0
11.827956989247312,-2.8547959292800376,0,0
11.83295823955989,-2.8200102555076705,0,0
11.837959489872468,-2.7607269869028905,0,0
11.842960740185045,-2.8333344740976663,0,0
11.847961990497625,-2.883658850741457,0,0
11.852963240810203,-2.814488062985871,0,0
11.85796449112278,-2.924040681214576,0,0
11.862965741435358,-2.800684947961436,0,0
11.867966991747936,-2.9000038984466867,0,0
11.872968242060514,-2.8877985993564605,0,0
11.877969492373094,-2.895266561477097,0,0
11.882970742685671,-2.8565706826812827,0,0
11.88797199299825,-2.899608888206178,0,0
11.892973243310827,-2.868433648822878,0,0
11.897974493623405,-2.864781008845809,0,0
11.902975743935984,-2.8876796243931375,0,0
11.907976994248562,-2.871252906980733,0,0
11.91297824456114,-2.8938711538499233,0,0
11.917979494873718,-2.817121369255093,0,0
11.922980745186296,-2.855512026021553,0,0
11.927981995498875,-2.8756570922374287,0,0
11.932983245811453,-2.928586334053703,0,0
11.937984496124031,-2.876534196477088,0,0
11.942985746436609,-2.9242457972985956,0,0
11.947986996749187,-2.9161024491835317,0,0
11.952988247061764,-2.8501339235866214,0,0
11.957989497374344,-2.893018100709635,0,0
11.962990747686922,-2.9302547676457174,0,0
11.9679919979995,-2.8642773186659296,0,0
11.972993248312077,-2.831362831376135,0,0
11.977994498624655,-2.94308331721669,0,0
11.982995748937235,-2.9177531247786916,0,0
11.987996999249813,-2.9092100742194824,0,0
11.99299824956239,-2.88631207385257,0,0
11.997999499874968,-2.9198712383024827,0,0
12.003000750187546,-2.9272594392046933,0,0
12.008002000500126,-2.931701356587064,0,0
12.013003250812703,-2.8837318973587815,0,0
12.018004501125281,-2.9304565654927694,0,0
12.023005751437859,-2.8946495488690935,0,0
12.028007001750437,-2.944151041127812,0,0
12.033008252063015,-2.9162298813729333,0,0
12.038009502375594,-2.9624536011654334,0,0
12.043010752688172,-2.945406762049231,0,0
12.04801200300075,-2.91766184033699,0,0
12.053013253313328,-2.919442517715009,0,0
12.058014503625905,-2.935410770524076,0,0
12.063015753938485,-2.881780433721356,0,0
12.068017004251063,-2.8815560587068245,0,0
12.07301825456364,-2.928512784136891,0,0
12.078019504876218,-2.9589129599816832,0,0
12.083020755188796,-2.952463652963081,0,0
12.088022005501376,-2.9480700794388817,0,0
12.093023255813954,-2.926948679368723,0,0
12.098024506126531,-2.9171263814339428,0,0
12.10302575643911,-2.8964698399522604,0,0
12.108027006751687,-2.9123567909737775,0,0
12.113028257064265,-2.8881437474868563,0,0
12.118029507376844,-2.940606822243024,0,0
12.123030757689422,-2.9870719577864486,0,0
12.128032008002,-2.951999506810283,0,0
12.133033258314578,-2.9195253228469102,0,0
12.138034508627156,-2.8926695646538008,0,0
12.143035758939735,-2.939755864564889,0,0
12.148037009252313,-2.911960740874737,0,0
12.153038259564891,-2.933094722871097,0,0
12.158039509877469,-2.8807857581188774,0,0
12.163040760190047,-3.027206494727491,0,0
12.168042010502626,-2.971447445089526,0,0
12.173043260815204,-2.9549978556173278,0,0
12.178044511127782,-2.927790502875503,0,0
12.18304576144036,-2.9544996841645492,0,0
12.188047011752937,-2.9722423737051398,0,0
12.193048262065517,-2.956763767091539,0,0
12.198049512378095,-2.9444035012118146,0,0
12.203050762690673,-2.966268142155636,0,0
12.20805201300325,-3.002525029462141,0,0
12.213053263315828,-2.9759774674929527,0,0
12.218054513628406,-2.9869801728763083,0,0
12.223055763940986,-2.935587259346799,0,0
12.228057014253563,-2.982644437210846,0,0
12.233058264566141,-2.9557884643723997,0,0
12.238059514878719,-2.955936196639771,0,0
12.243060765191297,-2.9799815712243483,0,0
12.248062015503876,-2.9573441773605973,0,0
12.253063265816454,-2.9560987776721417,0,0
12.258064516129032,-2.8999300248946596,0,0
12.26306576644161,-2.996176455448666,0,0
12.268067016754188,-2.9706325815894488,0,0
12.273068267066767,-2.947989779735218,0,0
12.278069517379345,-2.987174096965838,0,0
12.283070767691923,-2.9923189324144293,0,0
12.2880720180045,-2.9841328973688888,0,0
12.293073268317078,-2.9458687108126305,0,0
12.298074518629656,-2.8880907194157803,0,0
12.303075768942236,-3.004756510738776,0,0
12.308077019254814,-3.0418595010258787,0,0
12.313078269567391,-2.9683837200863157,0,0
12.31807951987997,-3.015416010811699,0,0
12.323080770192547,-3.030593499186607,0,0
12.328082020505127,-3.021251555921564,0,0
12.333083270817705,-3.0532536039551434,0,0
12.338084521130282,-2.9343286686159074,0,0
12.34308577144286,-2.9407445875759035,0,0
12.348087021755438,-2.952615471569928,0,0
12.353088272068018,-2.961923828467185,0,0
12.358089522380595,-2.9841403056400515,0,0
12.363090772693173,-3.012253106468513,0,0
12.368092023005751,-3.0313601981724734,0,0
12.373093273318329,-2.9838397973346398,0,0
12.378094523630907,-2.9301523176658058,0,0
12.383095773943486,-2.9390461261554504,0,0
12.388097024256064,-3.005384702831444,0,0
12.393098274568642,-2.967741591809627,0,0
12.39809952488122,-3.0062319375374136,0,0
12.403100775193797,-2.968004582555033,0,0
12.408102025506377,-3.010257286616746,0,0
12.413103275818955,-3.037357565569804,0,0
12.418104526131533,-3.0504873739678,0,0
12.42310577644411,-2.9959092572899926,0,0
12.428107026756688,-2.9905244993705167,0,0
12.433108277069268,-3.0135689419171747,0,0
12.438109527381846,-3.051822711858242,0,0
12.443110777694423,-3.054076109336695,0,0
12.448112028007001,-3.0476840775584937,0,0
12.453113278319579,-2.971641107465371,0,0
12.458114528632157,-3.086457177726342,0,0
12.463115778944736,-3.0319024428203787,0,0
12.468117029257314,-3.035265422365858,0,0
12.473118279569892,-3.025134046182751,0,0
12.47811952988247,-3.0554395456518217,0,0
12.483120780195048,-2.9967301567918656,0,0
12.488122030507627,-3.021970215444161,0,0
12.493123280820205,-3.0412313617909374,0,0
12.498124531132783,-3.033093870053066,0,0
12.50312578144536,-3.0347844069529795,0,0
12.508127031757938,-3.0267965196104964,0,0
12.513128282070518,-3.0552951112822955,0,0
12.518129532383096,-3.0856600219805506,0,0
12.523130782695674,-3.056546028648444,0,0
12.528132033008252,-3.018020856073681,0,0
12.53313328332083,-3.0536145346499253,0,0
12.538134533633409,-3.0690044390585984,0,0
12.543135783945987,-3.002102537396466,0,0
12.548137034258565,-3.0780931699887257,0,0
12.553138284571142,-3.0101957758013795,0,0
12.55813953488372,-3.1117368817827518,0,0
12.563140785196298,-3.027386846015936,0,0
12.568142035508878,-2.975138531701565,0,0
12.573143285821455,-3.011503865257462,0,0
12.578144536134033,-3.0648018007255,0,0
12.583145786446611,-3.0465694597246666,0,0
12.588147036759189,-3.031536921053245,0,0
12.593148287071768,-3.026089554348908,0,0
12.598149537384346,-3.0458965862950875,0,0
12.603150787696924,-3.1216767130424823,0,0
12.608152038009502,-3.0398542799777433,0,0
12.61315328832208,-3.053326017791818,0,0
12.61815453863466,-3.078981609639113,0,0
12.623155788947237,-3.063240149016132,0,0
12.628157039259815,-3.0839085810332847,0,0
12.633158289572393,-2.991694080846308,0,0
12.63815953988497,-3.087921148409469,0,0
12.643160790197548,-3.010664004957221,0,0
12.648162040510128,-2.9707251673041024,0,0
12.653163290822706,-3.0610436814935973,0,0
12.658164541135283,-3.0273253792899713,0,0
12.663165791447861,-3.1017434953694103,0,0
12.668167041760439,-2.998613178359902,0,0
12.673168292073019,-3.0744400454788448,0,0
12.678169542385596,-3.0596401628689103,0,0
12.683170792698174,-3.0597620207558673,0,0
12.688172043010752,-3.12563739793178,0,0
12.69317329332333,-3.089466564926198,0,0
12.69817454363591,-3.037027117944399,0,0
12.703175793948487,-3.0679429391347974,0,0
12.708177044261065,-3.0522969340223622,0,0
12.713178294573643,-3.119174805876481,0,0
12.71817954488622,-3.1184692437885873,0,0
12.723180795198799,-3.0664135667839942,0,0
12.728182045511378,-3.0793601991746753,0,0
12.733183295823956,-3.0930909579537915,0,0
12.738184546136534,-3.090433651203313,0,0
12.743185796449112,-3.1077637693451754,0,0
12.74818704676169,-3.062306747816474,0,0
12.753188297074269,-3.1052537916287224,0,0
12.758189547386847,-3.0851175165243685,0,0
12.763190797699425,-3.0888125661831256,0,0
12.768192048012002,-3.0994306983725797,0,0
12.77319329832458,-3.074226433312495,0,0
12.77819454863716,-3.11841924704913,0,0
12.783195798949738,-3.0994847699093553,0,0
12.788197049262315,-3.062653999136253,0,0
12.793198299574893,-3.1034325216576106,0,0
12.798199549887471,-3.0430981049322168,0,0
12.803200800200049,-3.12775722895282,0,0
12.808202050512628,-3.1076541286555055,0,0
12.813203300825206,-3.114015237480539,0,0
12.818204551137784,-3.1189484334547437,0,0
12.823205801450362,-3.078981607053564,0,0
12.82820705176294,-3.148232379464658,0,0
12.83320830207552,-3.1334923053460724,0,0
12.838209552388097,-3.054319776133386,0,0
12.843210802700675,-3.108199484343098,0,0
12.848212053013253,-3.055252403175232,0,0
12.85321330332583,-3.1416838446181576,0,0
12.85821455363841,-3.063210297752184,0,0
12.863215803950988,-3.1190494069489803,0,0
12.868217054263566,-3.114831575182494,0,0
12.873218304576143,-3.080928235916464,0,0
12.878219554888721,-3.121846063175451,0,0
12.8832208052013,-3.158407040732491,0,0
12.888222055513879,-3.1021413985467685,0,0
12.893223305826456,-3.1655261168874165,0,0
12.898224556139034,-3.1240805034717605,0,0
12.903225806451612,-3.1087716568931234,0,0
12.90822705676419,-3.110235440661351,0,0
12.91322830707677,-3.143092250503816,0,0
12.918229557389347,-3.1083030390244217,0,0
12.923230807701925,-3.1281166638907694,0,0
12.928232058014503,-3.1224806266488607,0,0
12.93323330832708,-3.1608867140611343,0,0
12.93823455863966,-3.157124441645109,0,0
12.943235808952238,-3.194836078101604,0,0
12.948237059264816,-3.152486316366427,0,0
12.953238309577394,-3.1576366891448697,0,0
12.958239559889972,-3.0986749473806907,0,0
12.963240810202551,-3.122660304176878,0,0
12.968242060515129,-3.152168223379561,0,0
12.973243310827707,-3.190819092027085,0,0
12.978244561140285,-3.1156325953670096,0,0
12.983245811452862,-3.1875252108638383,0,0
12.98824706176544,-3.146551682023935,0,0
12.99324831207802,-3.131116858238502,0,0
12.998249562390598,-3.142806755587723,0,0
13.003250812703175,-3.1936372398627473,0,0
13.008252063015753,-3.189608641925969,0,0
13.013253313328331,-3.202466820933405,0,0
13.01825456364091,-3.159779252069239,0,0
13.023255813953488,-3.129712341065478,0,0
13.028257064266066,-3.153657974404582,0,0
13.033258314578644,-3.1417761988482074,0,0
13.038259564891222,-3.114369785870016,0,0
13.043260815203801,-3.1592179271085037,0,0
13.04826206551638,-3.1684639264574805,0,0
13.053263315828957,-3.1723601098756395,0,0
13.058264566141535,-3.1812704339497793,0,0
13.063265816454113,-3.181435836010853,0,0
13.06826706676669,-3.1907884553409236,0,0
13.07326831707927,-3.155428017039521,0,0
13.078269567391848,-3.2007942892476757,0,0
13.083270817704426,-3.175585494143975,0,0
13.088272068017003,-3.1425660354523326,0,0
13.093273318329581,-3.1572401511597925,0,0
13.09827456864216,-3.123252824486742,0,0
13.103275818954739,-3.2051503262896928,0,0
13.108277069267317,-3.1749397660795653,0,0
13.113278319579894,-3.214128639753779,0,0
13.118279569892472,-3.193946301124315,0,0
13.123280820205052,-3.1485919258517177,0,0
13.12828207051763,-3.2034816990826784,0,0
13.133283320830207,-3.1899606614622007,0,0
13.138284571142785,-3.160880646972312,0,0
13.143285821455363,-3.1714614548480604,0,0
13.148287071767943,-3.24648778108937,0,0
13.15328832208052,-3.2066769432587203,0,0
13.158289572393098,-3.1495023354429326,0,0
13.163290822705676,-3.1387521576077297,0,0
13.168292073018254,-3.1789588037771996,0,0
13.173293323330832,-3.1298216479396,0,0
13.178294573643411,-3.1700754908624766,0,0
13.183295823955989,-3.18864147783156,0,0
13.188297074268567,-3.2113208027430895,0,0
13.193298324581145,-3.1998595913920607,0,0
13.198299574893722,-3.1986968191845784,0,0
13.203300825206302,-3.2480740679023676,0,0
13.20830207551888,-3.207038964141989,0,0
13.213303325831458,-3.197823111562736,0,0
13.218304576144035,-3.1964774465775334,0,0
13.223305826456613,-3.217525969202566,0,0
13.228307076769193,-3.1411241982906573,0,0
13.23330832708177,-3.253065116872862,0,0
13.238309577394348,-3.2396888898196194,0,0
13.243310827706926,-3.1178655318177326,0,0
13.248312078019504,-3.2223552465881706,0,0
13.253313328332082,-3.1968126548486056,0,0
13.258314578644661,-3.2236489514774433,0,0
13.26331582895724,-3.2399070194087862,0,0
13.268317079269817,-3.231901024617875,0,0
13.273318329582395,-3.2308877076818794,0,0
13.278319579894973,-3.2660951714553947,0,0
13.283320830207552,-3.196987088285212,0,0
13.28832208052013,-3.2056789030022808,0,0
13.293323330832708,-3.234930784865403,0,0
13.298324581145286,-3.216668636201711,0,0
13.303325831457864,-3.192174327432449,0,0
13.308327081770443,-3.2103097966418184,0,0
13.313328332083021,-3.2138451340341456,0,0
13.318329582395599,-3.206568202178805,0,0
13.323330832708177,-3.203096238748966,0,0
13.328332083020754,-3.228615271119904,0,0
13.333333333333332,-3.198319538124561,0,0
13.338334583645912,-3.202811085852848,0,0
13.34333583395849,-3.2798170873484858,0,0
13.348337084271067,-3.255135085238146,0,0
13.353338334583645,-3.2134257565841446,0,0
13.358339584896223,-3.2304102920951623,0,0
13.363340835208803,-3.2416565858283724,0,0
13.36834208552138,-3.2689731271110722,0,0
13.373343335833958,-3.191054702786208,0,0
13.378344586146536,-3.251291260870633,0,0
13.383345836459114,-3.2489325699798735,0,0
13.388347086771693,-3.2318980090164064,0,0
13.393348337084271,-3.312031168284369,0,0
13.398349587396849,-3.196387083534864,0,0
13.403350837709427,-3.247368496492088,0,0
13.408352088022005,-3.2450129257838225,0,0
13.413353338334582,-3.26258714892446,0,0
13.418354588647162,-3.227464001591685,0,0
13.42335583895974,-3.2967281196032676,0,0
13.428357089272318,-3.2745939261946777,0,0
13.433358339584895,-3.208475528773097,0,0
13.438359589897473,-3.2591669519921833,0,0
13.443360840210053,-3.3157958221032913,0,0
13.44836209052263,-3.2580184607395895,0,0
13.453363340835208,-3.2905368909714423,0,0
13.458364591147786,-3.2996386167764764,0,0
13.463365841460364,-3.2390141524933913,0,0
13.468367091772944,-3.2764029262281062,0,0
13.473368342085521,-3.2106243025219476,0,0
13.4783695923981,-3.2880185341385326,0,0
13.483370842710677,-3.2473215628299656,0,0
13.488372093023255,-3.307213222092592,0,0
13.493373343335834,-3.3087047136437673,0,0
13.498374593648412,-3.249554198392632,0,0
13.50337584396099,-3.294103486804003,0,0
13.508377094273568,-3.260821362864136,0,0
13.513378344586146,-3.2700201661469994,0,0
13.518379594898724,-3.252389896014094,0,0
13.523380845211303,-3.278982299160461,0,0
13.528382095523881,-3.2835887860571553,0,0
13.533383345836459,-3.274352283066222,0,0
13.538384596149037,-3.26643249386902,0,0
13.543385846461614,-3.268090710504812,0,0
13.548387096774194,-3.2940023888338086,0,0
13.553388347086772,-3.230114036320448,0,0
13.55838959739935,-3.3042648287874212,0,0
13.563390847711927,-3.2973888764300057,0,0
13.568392098024505,-3.344821721911687,0,0
13.573393348337085,-3.302399597851062,0,0
13.578394598649663,-3.2839453459740415,0,0
13.58339584896224,-3.2616115881052172,0,0
13.588397099274818,-3.2809598010667975,0,0
13.593398349587396,-3.249704513388712,0,0
13.598399599899974,-3.2622085607280655,0,0
13.603400850212553,-3.3043499968860446,0,0
13.608402100525131,-3.2184685751980715,0,0
13.613403350837709,-3.251992204162887,0,0
13.618404601150287,-3.2511755965216613,0,0
13.623405851462865,-3.341073553598935,0,0
13.628407101775444,-3.274225957241225,0,0
13.633408352088022,-3.340917162463629,0,0
13.6384096024006,-3.291773080095089,0,0
13.643410852713178,-3.246562255818509,0,0
13.648412103025755,-3.3776867515795375,0,0
13.653413353338335,-3.2988193101798933,0,0
13.658414603650913,-3.2754622090486207,0,0
13.66341585396349,-3.328263355602409,0,0
13.668417104276068,-3.3274673368573957,0,0
13.673418354588646,-3.334325654187248,0,0
13.678419604901224,-3.2957626589338394,0,0
13.683420855213804,-3.291665131711951,0,0
13.688422105526382,-3.2744918000255194,0,0
13.69342335583896,-3.321085216038824,0,0
13.698424606151537,-3.2624610699298864,0,0
13.703425856464115,-3.34504994168396,0,0
13.708427106776695,-3.3549383240317767,0,0
13.713428357089272,-3.3440874703334926,0,0
13.71842960740185,-3.3647744330920055,0,0
13.723430857714428,-3.3493045489419297,0,0
13.728432108027006,-3.3292816804205234,0,0
13.733433358339585,-3.303407472848928,0,0
13.738434608652163,-3.296854831038727,0,0
13.743435858964741,-3.312616818529026,0,0
13.748437109277319,-3.305020125649126,0,0
13.753438359589897,-3.3762838333410925,0,0
13.758439609902474,-3.322054724550519,0,0
13.763440860215054,-3.2686694951477766,0,0
13.768442110527632,-3.3473299758966215,0,0
13.77344336084021,-3.329951857485661,0,0
13.778444611152787,-3.3358005137714204,0,0
13.783445861465365,-3.317534518355273,0,0
13.788447111777945,-3.327993997343256,0,0
13.793448362090523,-3.4065531742475423,0,0
13.7984496124031,-3.3560802943979327,0,0
13.803450862715678,-3.3628898935836236,0,0
13.808452113028256,-3.3352049396837153,0,0
13.813453363340836,-3.3700131919515672,0,0
13.818454613653413,-3.3694348452200305,0,0
13.823455863965991,-3.34119536231073,0,0
13.828457114278569,-3.335075514477268,0,0
13.833458364591147,-3.3038278809105153,0,0
13.838459614903726,-3.3715275207526907,0,0
13.843460865216304,-3.2748585667357424,0,0
13.848462115528882,-3.3466046235312117,0,0
13.85346336584146,-3.3015990279572787,0,0
13.858464616154038,-3.3463257116868497,0,0
13.863465866466615,-3.363439184735823,0,0
13.868467116779195,-3.3340946457617777,0,0
13.873468367091773,-3.361620961223745,0,0
13.87846961740435,-3.3335163941140444,0,0
13.883470867716929,-3.383829568723625,0,0
13.888472118029506,-3.3967942740567945,0,0
13.893473368342086,-3.3310580410007775,0,0
13.898474618654664,-3.432148067541925,0,0
13.903475868967242,-3.35622618439399,0,0
13.90847711927982,-3.3977055936818634,0,0
13.913478369592397,-3.3533667999070307,0,0
13.918479619904977,-3.378625720523777,0,0
13.923480870217555,-3.3846215279787697,0,0
13.928482120530132,-3.379345580680748,0,0
13.93348337084271,-3.3888367499743923,0,0
13.938484621155288,-3.336897648030959,0,0
13.943485871467866,-3.356748388935078,0,0
13.948487121780445,-3.399502016930595,0,0
13.953488372093023,-3.397703518428007,0,0
13.958489622405601,-3.3268958257485637,0,0
13.963490872718179,-3.3802881117408323,0,0
13.968492123030757,-3.352050422293408,0,0
13.973493373343336,-3.382403155140464,0,0
13.978494623655914,-3.384217889687643,0,0
13.983495873968492,-3.4164547415394315,0,0
13.98849712428107,-3.349540403961233,0,0
13.993498374593647,-3.3452954128324537,0,0
13.998499624906227,-3.4211244506654634,0,0
14.003500875218805,-3.3705084353161947,0,0
14.008502125531383,-3.3453915882509526,0,0
14.01350337584396,-3.38667867541794,0,0
14.018504626156538,-3.404614948750223,0,0
14.023505876469116,-3.4223916878376595,0,0
14.028507126781696,-3.360827702454914,0,0
14.033508377094273,-3.397647852121011,0,0
14.038509627406851,-3.387471778579198,0,0
14.043510877719429,-3.426354883644276,0,0
14.048512128032007,-3.4569386751796407,0,0
14.053513378344586,-3.4412079057235823,0,0
14.058514628657164,-3.4233736707184375,0,0
14.063515878969742,-3.399490723691897,0,0
14.06851712928232,-3.374802393945359,0,0
14.073518379594898,-3.39900262351497,0,0
14.078519629907477,-3.414605542908846,0,0
14.083520880220055,-3.3995889222731135,0,0
14.088522130532633,-3.430740370867154,0,0
14.09352338084521,-3.4097605919718004,0,0
14.098524631157789,-3.449404774805596,0,0
14.103525881470368,-3.4070993270016494,0,0
14.108527131782946,-3.456787392600688,0,0
14.113528382095524,-3.437491439263003,0,0
14.118529632408102,-3.4226888206547943,0,0
14.12353088272068,-3.4107420976143397,0,0
14.128532133033257,-3.4199107044934007,0,0
14.133533383345837,-3.4183641322744505,0,0
14.138534633658415,-3.409454194065597,0,0
14.143535883970992,-3.420121342296207,0,0
14.14853713428357,-3.4074454001581893,0,0
14.153538384596148,-3.417643181278818,0,0
14.158539634908728,-3.422456125198085,0,0
14.163540885221305,-3.4831574948457873,0,0
14.168542135533883,-3.390996203476051,0,0
14.173543385846461,-3.4358549610948628,0,0
14.178544636159039,-3.455958200596683,0,0
14.183545886471618,-3.4006233154132564,0,0
14.188547136784196,-3.4275543116335343,0,0
14.193548387096774,-3.462257323543495,0,0
14.198549637409352,-3.4479389781026857,0,0
14.20355088772193,-3.4254805660694965,0,0
14.208552138034507,-3.4438153758450416,0,0
14.213553388347087,-3.406032363602971,0,0
14.218554638659665,-3.4397787739113044,0,0
14.223555888972243,-3.5124602110116037,0,0
14.22855713928482,-3.411873131264882,0,0
14.233558389597398,-3.4880319701689957,0,0
14.238559639909978,-3.51463906955901,0,0
14.243560890222556,-3.475824928836108,0,0
14.248562140535133,-3.4378500833129864,0,0
14.253563390847711,-3.498575768520196,0,0
14.258564641160289,-3.477125997986703,0,0
14.263565891472869,-3.428753236012616,0,0
14.268567141785446,-3.417344069126737,0,0
14.273568392098024,-3.4354743536785697,0,0
14.278569642410602,-3.4780847594454842,0,0
14.28357089272318,-3.45795894718159,0,0
14.288572143035758,-3.4309765571028197,0,0
14.293573393348337,-3.4668083258873765,0,0
14.298574643660915,-3.441530063272956,0,0
14.303575893973493,-3.462359574408145,0,0
14.30857714428607,-3.5314308886240826,0,0
14.313578394598649,-3.4922929958016016,0,0
14.318579644911228,-3.4463379643328875,0,0
14.323580895223806,-3.485243683539828,0,0
14.328582145536384,-3.5029927453155456,0,0
14.333583395848962,-3.4555903265275587,0,0
14.33858464616154,-3.4944462503929024,0,0
14.343585896474119,-3.44122320051842,0,0
14.348587146786697,-3.5006022176844596,0,0
14.353588397099275,-3.4636431262945115,0,0
14.358589647411852,-3.49735948153554,0,0
14.36359089772443,-3.452261571903607,0,0
14.368592148037008,-3.5020982426497125,0,0
14.373593398349588,-3.4818560656892172,0,0
14.378594648662165,-3.499982411944135,0,0
14.383595898974743,-3.4734701719868752,0,0
14.388597149287321,-3.488364245266821,0,0
14.393598399599899,-3.4702076778048756,0,0
14.398599649912478,-3.4917061510642107,0,0
14.403600900225056,-3.5015715882872085,0,0
14.408602150537634,-3.456950019637311,0,0
14.413603400850212,-3.478327348135423,0,0
14.41860465116279,-3.454354403433066,0,0
14.42360590147537,-3.520852230203459,0,0
14.428607151787947,-3.4503179303259097,0,0
14.433608402100525,-3.4955582143613646,0,0
14.438609652413103,-3.5047960150919524,0,0
14.44361090272568,-3.530825317944612,0,0
14.44861215303826,-3.538007245545058,0,0
14.453613403350838,-3.494904230881142,0,0
14.458614653663416,-3.4808549818011656,0,0
14.463615903975994,-3.500468740704796,0,0
14.468617154288571,-3.4850976870338193,0,0
14.47361840460115,-3.538169319428456,0,0
14.478619654913729,-3.503413855158545,0,0
14.483620905226307,-3.5162996732539424,0,0
14.488622155538884,-3.4713153260316667,0,0
14.493623405851462,-3.5472322254800828,0,0
14.49862465616404,-3.5488965481606556,0,0
14.50362590647662,-3.51292679913205,0,0
14.508627156789197,-3.5131234035740384,0,0
14.513628407101775,-3.5257342775371057,0,0
14.518629657414353,-3.5128546858281897,0,0
14.52363090772693,-3.5047193935080876,0,0
14.52863215803951,-3.5351806104773167,0,0
14.533633408352088,-3.4708737264505367,0,0
14.538634658664666,-3.5585293791690735,0,0
14.543635908977244,-3.5010682788528635,0,0
14.548637159289822,-3.6024465659864013,0,0
14.5536384096024,-3.4984303687064933,0,0
14.558639659914979,-3.55630183874221,0,0
14.563640910227557,-3.523266653833508,0,0
14.568642160540135,-3.5296690841813545,0,0
14.573643410852712,-3.5562243155865554,0,0
14.57864466116529,-3.5408253940590395,0,0
14.58364591147787,-3.550605832119297,0,0
14.588647161790448,-3.5478952902055867,0,0
14.593648412103025,-3.5140467185785584,0,0
14.598649662415603,-3.586587690657549,0,0
14.603650912728181,-3.5217395368804474,0,0
14.60865216304076,-3.5630265891317943,0,0
14.613653413353338,-3.5202673652292424,0,0
14.618654663665916,-3.5343236744867235,0,0
14.623655913978494,-3.5255331056725843,0,0
14.628657164291072,-3.5477124493018746,0,0
14.63365841460365,-3.536313280491999,0,0
14.63865966491623,-3.5548190911836635,0,0
14.643660915228807,-3.547736257752313,0,0
14.648662165541385,-3.534669860513032,0,0
14.653663415853963,-3.516229944796375,0,0
14.65866466616654,-3.536327975256634,0,0
14.66366591647912,-3.564346858267268,0,0
14.668667166791698,-3.5985715460359504,0,0
14.673668417104276,-3.5655532238284824,0,0
14.678669667416854,-3.554526888049463,0,0
14.683670917729431,-3.565306657124482,0,0
14.688672168042011,-3.5263996218696714,0,0
14.693673418354589,-3.525473139244154,0,0
14.698674668667167,-3.5531925755917775,0,0
14.703675918979744,-3.594874111091285,0,0
14.708677169292322,-3.5567836395624655,0,0
14.7136784196049,-3.577714867802419,0,0
14.71867966991748,-3.6173189629721394,0,0
14.723680920230057,-3.575708311971966,0,0
14.728682170542635,-3.5851407738864407,0,0
14.733683420855213,-3.5569376497587344,0,0
14.73868467116779,-3.6272530726243404,0,0
14.74368592148037,-3.623354754086722,0,0
14.748687171792948,-3.5694555898063807,0,0
14.753688422105526,-3.5318632161222645,0,0
14.758689672418104,-3.5722831029617788,0,0
14.763690922730682,-3.5742202305217896,0,0
14.768692173043261,-3.572349037550007,0,0
14.773693423355839,-3.594837282976017,0,0
14.778694673668417,-3.6348584235146295,0,0
14.783695923980995,-3.5871221139996434,0,0
14.788697174293572,-3.5956536440289604,0,0
14.793698424606152,-3.620807088221931,0,0
14.79869967491873,-3.5295701591656217,0,0
14.803700925231308,-3.6181878811220543,0,0
14.808702175543885,-3.5678896970105716,0,0
14.813703425856463,-3.5226114901626366,0,0
14.818704676169041,-3.5921856635465543,0,0
14.82370592648162,-3.602474659034911,0,0
14.828707176794198,-3.6095325271150394,0,0
14.833708427106776,-3.5730542140397406,0,0
14.838709677419354,-3.588602427387615,0,0
14.843710927731932,-3.5919197801011657,0,0
14.848712178044511,-3.6662769443133447,0,0
14.85371342835709,-3.5907636103971887,0,0
14.858714678669667,-3.6078795981867717,0,0
14.863715928982245,-3.5847615986835497,0,0
14.868717179294823,-3.6383852699486643,0,0
14.873718429607402,-3.606537829022244,0,0
14.87871967991998,-3.6003853215145987,0,0
14.883720930232558,-3.5958282112513107,0,0
14.888722180545136,-3.5897867449538587,0,0
14.893723430857714,-3.6411582064765837,0,0
14.898724681170291,-3.584216622489104,0,0
14.903725931482871,-3.5923327777207983,0,0
14.908727181795449,-3.6483960929377486,0,0
14.913728432108027,-3.6126490855042657,0,0
14.918729682420604,-3.610357784750465,0,0
14.923730932733182,-3.617604070827771,0,0
14.928732183045762,-3.6733805366962757,0,0
14.93373343335834,-3.612047885800957,0,0
14.938734683670917,-3.587995724272434,0,0
14.943735933983495,-3.6679096620443254,0,0
14.948737184296073,-3.6101507139130016,0,0
14.953738434608653,-3.56668040544687,0,0
14.95873968492123,-3.635917824213417,0,0
14.963740935233808,-3.5812559207789496,0,0
14.968742185546386,-3.5565784193519425,0,0
14.973743435858964,-3.6233523785979034,0,0
14.978744686171542,-3.5962166475057598,0,0
14.983745936484121,-3.5890289092205,0,0
14.988747186796699,-3.6456017401734533,0,0
14.993748437109277,-3.621652597605061,0,0
14.998749687421855,-3.6026415938416694,0,0
15.003750937734432,-3.6083018315722573,0,0
15.008752188047012,-3.6345733545495174,0,0
15.01375343835959,-3.648663591150299,0,0
15.018754688672168,-3.5952127047545086,0,0
15.023755938984745,-3.5717425381884675,0,0
15.028757189297323,-3.616992283684935,0,0
15.033758439609903,-3.6188983199101488,0,0
15.03875968992248,-3.6699616900371974,0,0
15.043760940235058,-3.6705132766987343,0,0
15.048762190547636,-3.660325788582406,0,0
15.053763440860214,-3.6270560378019256,0,0
15.058764691172794,-3.6208529800501794,0,0
15.063765941485372,-3.6407847935043636,0,0
15.06876719179795,-3.6612662531680855,0,0
15.073768442110527,-3.6505266251537756,0,0
15.078769692423105,-3.6375014777075316,0,0
15.083770942735683,-3.661407096134996,0,0
15.088772193048262,-3.674066128275382,0,0
15.09377344336084,-3.5971277981265257,0,0
15.098774693673418,-3.6875855989590365,0,0
15.103775943985996,-3.6605170591916933,0,0
15.108777194298574,-3.6118558265419995,0,0
15.113778444611153,-3.6591059650703017,0,0
15.118779694923731,-3.6220997801642563,0,0
15.123780945236309,-3.642514680519326,0,0
15.128782195548887,-3.6835785017412603,0,0
15.133783445861464,-3.671666839949379,0,0
15.138784696174044,-3.6950910699250548,0,0
15.143785946486622,-3.6550963727361845,0,0
15.1487871967992,-3.648710852872751,0,0
15.153788447111777,-3.690608812590104,0,0
15.158789697424355,-3.6527113869030186,0,0
15.163790947736933,-3.6862445885388095,0,0
15.168792198049513,-3.7579597955275266,0,0
15.17379344836209,-3.7377402315494046,0,0
15.178794698674668,-3.6586373650643735,0,0
15.183795948987246,-3.6364292075649414,0,0
15.188797199299824,-3.6225762106666415,0,0
15.193798449612403,-3.7141101341382696,0,0
15.198799699924981,-3.6592326716271883,0,0
15.203800950237559,-3.68479821683083,0,0
15.208802200550137,-3.6860159491325377,0,0
15.213803450862715,-3.7385879184932596,0,0
15.218804701175294,-3.661652534538147,0,0
15.223805951487872,-3.6884067271347103,0,0
15.22880720180045,-3.6882383192978234,0,0
15.233808452113028,-3.663610408304242,0,0
15.238809702425606,-3.6825195271648203,0,0
15.243810952738183,-3.7287734340515004,0,0
15.248812203050763,-3.645262143136378,0,0
15.25381345336334,-3.7479157734327035,0,0
15.258814703675919,-3.6971430089218504,0,0
15.263815953988496,-3.709339809412366,0,0
15.268817204301074,-3.6514377273302805,0,0
15.273818454613654,-3.723159533646868,0,0
15.278819704926232,-3.748017417707,0,0
15.28382095523881,-3.689829102226869,0,0
15.288822205551387,-3.7398125585219417,0,0
15.293823455863965,-3.7772837708024736,0,0
15.298824706176545,-3.739709221807275,0,0
15.303825956489122,-3.709712867015963,0,0
15.3088272068017,-3.737550991754454,0,0
15.313828457114278,-3.658198654512944,0,0
15.318829707426856,-3.742657696726722,0,0
15.323830957739434,-3.7360267764391093,0,0
15.328832208052013,-3.731685126175478,0,0
15.333833458364591,-3.705038913625979,0,0
15.338834708677169,-3.692746405539727,0,0
15.343835958989747,-3.7302749409514075,0,0
15.348837209302324,-3.7165015269467796,0,0
15.353838459614904,-3.771621570746575,0,0
15.358839709927482,-3.6937911721968955,0,0
15.36384096024006,-3.712696898145842,0,0
15.368842210552637,-3.7177585377739635,0,0
15.373843460865215,-3.6989201853345506,0,0
15.378844711177795,-3.7155434987557654,0,0
15.383845961490373,-3.750299666672255,0,0
15.38884721180295,-3.7439467111644262,0,0
15.393848462115528,-3.71532760425318,0,0
15.398849712428106,-3.697488834025524,0,0
15.403850962740686,-3.768161560104036,0,0
15.408852213053263,-3.729160980001844,0,0
15.413853463365841,-3.7709150556100965,0,0
15.418854713678419,-3.6920728149246145,0,0
15.423855963990997,-3.706003484900014,0,0
15.428857214303575,-3.7699966466897044,0,0
15.433858464616154,-3.697183373310442,0,0
15.438859714928732,-3.770525262331317,0,0
15.44386096524131,-3.752778017913479,0,0
15.448862215553888,-3.7237195132283203,0,0
15.453863465866466,-3.693961159200434,0,0
15.458864716179045,-3.7785045604084453,0,0
15.463865966491623,-3.7098502440153203,0,0
15.4688672168042,-3.7450358966179866,0,0
15.473868467116779,-3.760459854942906,0,0
15.478869717429356,-3.76050032031926,0,0
15.483870967741936,-3.7508504552624,0,0
15.488872218054514,-3.75986978393482,0,0
15.493873468367092,-3.7645988144138656,0,0
15.49887471867967,-3.7493484854679986,0,0
15.503875968992247,-3.7691159156076095,0,0
15.508877219304825,-3.7140919850726073,0,0
15.513878469617405,-3.7110737609669115,0,0
15.518879719929982,-3.740780064339911,0,0
15.52388097024256,-3.752878892655066,0,0
15.528882220555138,-3.7249563157641306,0,0
15.533883470867716,-3.784314127141751,0,0
15.538884721180295,-3.7484022010327953,0,0
15.543885971492873,-3.752988299598486,0,0
15.548887221805451,-3.716650567917162,0,0
15.553888472118029,-3.806262609910732,0,0
15.558889722430607,-3.7541444709861853,0,0
15.563890972743186,-3.732709823252908,0,0
15.568892223055764,-3.7718774534029578,0,0
15.573893473368342,-3.759466115796042,0,0
15.57889472368092,-3.7714839553385224,0,0
15.583895973993497,-3.8190132684664317,0,0
15.588897224306075,-3.804959251995739,0,0
15.593898474618655,-3.767908946963832,0,0
15.598899724931233,-3.7280191285879574,0,0
15.60390097524381,-3.828347197437325,0,0
15.608902225556388,-3.7907270591854982,0,0
15.613903475868966,-3.740239774434617,0,0
15.618904726181546,-3.77761067911074,0,0
15.623905976494123,-3.7787528456619777,0,0
15.628907226806701,-3.783257885518756,0,0
15.63390847711928,-3.809658853523577,0,0
15.638909727431857,-3.8402086976729133,0,0
15.643910977744437,-3.7704985496155565,0,0
15.648912228057014,-3.7580217960153472,0,0
15.653913478369592,-3.7272526306032168,0,0
15.65891472868217,-3.7593666879483956,0,0
15.663915978994748,-3.8735494718892225,0,0
15.668917229307326,-3.7899659190007675,0,0
15.673918479619905,-3.8184925434976087,0,0
15.678919729932483,-3.787854414281912,0,0
15.68392098024506,-3.776011016263517,0,0
15.688922230557639,-3.8367849603690805,0,0
15.693923480870216,-3.7778862766424317,0,0
15.698924731182796,-3.7950487480642052,0,0
15.703925981495374,-3.775569741306937,0,0
15.708927231807952,-3.7861904975556415,0,0
15.71392848212053,-3.784757280630965,0,0
15.718929732433107,-3.839593024062459,0,0
15.723930982745687,-3.8082639829571403,0,0
15.728932233058265,-3.7830554988684533,0,0
15.733933483370842,-3.8192108507102502,0,0
15.73893473368342,-3.772913133308968,0,0
15.743935983995998,-3.849678118715046,0,0
15.748937234308578,-3.8125845022484417,0,0
15.753938484621155,-3.793868359192301,0,0
15.758939734933733,-3.7750515694647353,0,0
15.763940985246311,-3.8261713363832626,0,0
15.768942235558889,-3.725342546615735,0,0
15.773943485871467,-3.8048777355709995,0,0
15.778944736184046,-3.8454588642922034,0,0
15.783945986496624,-3.8635696753403033,0,0
15.788947236809202,-3.852285480902542,0,0
15.79394848712178,-3.8350548588314264,0,0
15.798949737434357,-3.8170983269921215,0,0
15.803950987746937,-3.835873664048001,0,0
15.808952238059515,-3.7705143144125923,0,0
15.813953488372093,-3.7805296106378825,0,0
15.81895473868467,-3.795736661664999,0,0
15.823955988997248,-3.7690385045099317,0,0
15.828957239309828,-3.8467283080442405,0,0
15.833958489622406,-3.846372865441801,0,0
15.838959739934984,-3.827103788262995,0,0
15.843960990247561,-3.8319286112682844,0,0
15.84896224056014,-3.8293632792045926,0,0
15.853963490872717,-3.7797664614072337,0,0
15.858964741185297,-3.7880024814005147,0,0
15.863965991497874,-3.8326556906906672,0,0
15.868967241810452,-3.865692876882263,0,0
15.87396849212303,-3.8885110536692227,0,0
15.878969742435608,-3.812560601530661,0,0
15.883970992748187,-3.770775533440068,0,0
15.888972243060765,-3.8250958192199023,0,0
15.893973493373343,-3.8545387550691688,0,0
15.89897474368592,-3.8616962956613703,0,0
15.903975993998499,-3.8713511382958203,0,0
15.908977244311078,-3.832102377015541,0,0
15.913978494623656,-3.8589074198785034,0,0
15.918979744936234,-3.8125817466361402,0,0
15.923980995248812,-3.919921537951005,0,0
15.92898224556139,-3.8667380786646612,0,0
15.933983495873967,-3.8376667545257916,0,0
15.938984746186547,-3.869226167770325,0,0
15.943985996499125,-3.869967626204749,0,0
15.948987246811702,-3.8531188696411904,0,0
15.95398849712428,-3.858888450806061,0,0
15.958989747436858,-3.90141363296679,0,0
15.963990997749438,-3.8647759296297743,0,0
15.968992248062015,-3.883550962861268,0,0
15.973993498374593,-3.8570409404860837,0,0
15.978994748687171,-3.9134384851289403,0,0
15.983995998999749,-3.870161640938213,0,0
15.988997249312328,-3.915791372853632,0,0
15.993998499624906,-3.916641680899726,0,0
15.998999749937484,-3.8798858215509187,0,0
16.004001000250064,-3.883168865246398,0,0
16.00900225056264,-3.8202075572057783,0,0
16.01400350087522,-3.874618724585636,0,0
16.019004751187797,-3.837302539250492,0,0
16.024006001500375,-3.823444927135946,0,0
16.029007251812953,-3.9112285411325693,0,0
16.03400850212553,-3.8602688232237954,0,0
16.03900975243811,-3.878034957498737,0,0
16.044011002750686,-3.923630221034415,0,0
16.049012253063264,-3.883775647805735,0,0
16.054013503375845,-3.9045458377712996,0,0
16.059014753688423,-3.941123410849258,0,0
16.064016004001,-3.8739858354904477,0,0
16.06901725431358,-3.879454146016536,0,0
16.074018504626157,-3.8905466400539876,0,0
16.079019754938734,-3.8984107368859293,0,0
16.084021005251312,-3.8910888841745113,0,0
16.08902225556389,-3.8809331297020258,0,0
16.094023505876468,-3.9558249959712986,0,0
16.099024756189046,-3.872021567914352,0,0
16.104026006501623,-3.929239472595564,0,0
16.109027256814205,-3.865547418553375,0,0
16.114028507126783,-3.905326385685317,0,0
16.11902975743936,-3.9084493871651445,0,0
16.124031007751938,-3.9070405199579845,0,0
16.129032258064516,-3.850727344392114,0,0
16.134033508377094,-3.8631752987986254,0,0
16.13903475868967,-3.9153494222419405,0,0
16.14403600900225,-3.910043109176922,0,0
16.149037259314827,-3.893277148845891,0,0
16.154038509627405,-3.9146958107201684,0,0
16.159039759939983,-3.9109280111075484,0,0
16.164041010252564,-3.9300880579028106,0,0
16.169042260565142,-3.864247972213209,0,0
16.17404351087772,-3.95402282440056,0,0
16.179044761190298,-3.963409546214513,0,0
16.184046011502875,-3.9524492386576964,0,0
16.189047261815453,-3.936965170891073,0,0
16.19404851212803,-3.924795860647894,0,0
16.19904976244061,-3.9370445171288857,0,0
16.204051012753187,-3.8825028457696766,0,0
16.209052263065765,-3.9657688673114886,0,0
16.214053513378346,-3.9488695029578653,0,0
16.219054763690924,-3.8909035725474324,0,0
16.2240560140035,-3.935720122224074,0,0
16.22905726431608,-3.9208796407492814,0,0
16.234058514628657,-3.890998975469335,0,0
16.239059764941235,-3.9477111378318765,0,0
16.244061015253813,-3.9221714487356545,0,0
16.24906226556639,-3.9516422385826386,0,0
16.25406351587897,-3.9787607367235536,0,0
16.259064766191546,-3.9560914118803816,0,0
16.264066016504124,-3.9400248136560996,0,0
16.269067266816705,-3.9043156283258367,0,0
16.274068517129283,-3.9149890961190983,0,0
16.27906976744186,-3.919756464622985,0,0
16.28407101775444,-3.923121787428186,0,0
16.289072268067017,-3.9490071481930586,0,0
16.294073518379594,-3.942930685951825,0,0
16.299074768692172,-3.9526886387173126,0,0
16.30407601900475,-3.9404141432828337,0,0
16.309077269317328,-3.887293376449958,0,0
16.314078519629906,-3.940780616297223,0,0
16.319079769942483,-3.9469822824349623,0,0
16.324081020255065,-3.9258561529646125,0,0
16.329082270567643,-3.945590090807882,0,0
16.33408352088022,-3.984851934849232,0,0
16.3390847711928,-3.95867435673777,0,0
16.344086021505376,-3.9257852221969625,0,0
16.349087271817954,-3.9446366694876525,0,0
16.35408852213053,-3.9604188064060435,0,0
16.35908977244311,-3.978420333153678,0,0
16.364091022755687,-3.9814600643328473,0,0
16.369092273068265,-3.9711773309314817,0,0
16.374093523380846,-3.960715707309071,0,0
16.379094773693424,-3.991071925261945,0,0
16.384096024006002,-3.9544663686835637,0,0
16.38909727431858,-3.9392215533233204,0,0
16.394098524631158,-4.073351044868958,0,0
16.399099774943735,-3.9319938620357093,0,0
16.404101025256313,-3.95709666079984,0,0
16.40910227556889,-3.9648560556520063,0,0
16.41410352588147,-3.9509889638921845,0,0
16.419104776194047,-4.008093045205949,0,0
16.424106026506625,-3.9570130177561342,0,0
16.429107276819206,-4.012881761224731,0,0
16.434108527131784,-3.981210553974262,0,0
16.43910977744436,-3.996504972013782,0,0
16.44411102775694,-3.959691918211805,0,0
16.449112278069517,-3.9694578823525117,0,0
16.454113528382095,-3.975007644526476,0,0
16.459114778694673,-3.9683986782847795,0,0
16.46411602900725,-3.9457906258273723,0,0
16.46911727931983,-3.970721035639196,0,0
16.474118529632406,-3.985995126172047,0,0
16.479119779944988,-3.9543260992689393,0,0
16.484121030257565,-3.991755328211498,0,0
16.489122280570143,-4.003352973637967,0,0
16.49412353088272,-3.9665371632811444,0,0
16.4991247811953,-3.9743942533829513,0,0
16.504126031507877,-3.9565735292926156,0,0
16.509127281820454,-4.020979290684444,0,0
16.514128532133032,-4.017180333283627,0,0
16.51912978244561,-4.007635519273584,0,0
16.524131032758188,-3.969340805527545,0,0
16.529132283070766,-3.957418313831033,0,0
16.534133533383347,-3.975408769835848,0,0
16.539134783695925,-4.0050651920744835,0,0
16.544136034008503,-4.021247047350984,0,0
16.54913728432108,-4.02702757014836,0,0
16.55413853463366,-4.093293187416902,0,0
16.559139784946236,-3.9988196844231987,0,0
16.564141035258814,-4.063093633487136,0,0
16.56914228557139,-4.046054079846747,0,0
16.57414353588397,-4.0277486958914235,0,0
16.579144786196547,-3.9795010485551785,0,0
16.584146036509125,-4.023239969675859,0,0
16.589147286821706,-4.002137174791556,0,0
16.594148537134284,-3.96387811927722,0,0
16.599149787446862,-4.016600057193101,0,0
16.60415103775944,-4.044592886559748,0,0
16.609152288072018,-3.989185177984247,0,0
16.614153538384596,-3.996836350688784,0,0
16.619154788697173,-4.037669724622249,0,0
16.62415603900975,-3.962767428570529,0,0
16.62915728932233,-4.036256220235723,0,0
16.634158539634907,-4.017845267710782,0,0
16.639159789947488,-4.016984573818419,0,0
16.644161040260066,-4.060690239570196,0,0
16.649162290572644,-4.0507108380790555,0,0
16.65416354088522,-4.033723222243897,0,0
16.6591647911978,-4.005840749665634,0,0
16.664166041510377,-4.010207015570784,0,0
16.669167291822955,-4.022603805725064,0,0
16.674168542135533,-4.087507275738857,0,0
16.67916979244811,-4.032544284818257,0,0
16.68417104276069,-4.036557955997387,0,0
16.689172293073266,-4.000702036571819,0,0
16.694173543385848,-4.037790606497468,0,0
16.699174793698425,-3.9888141626432683,0,0
16.704176044011003,-4.015938022636993,0,0
16.70917729432358,-4.0344353606488825,0,0
16.71417854463616,-4.058987889529604,0,0
16.719179794948737,-4.038042165019489,0,0
16.724181045261314,-4.06623059013656,0,0
16.729182295573892,-4.026965781192959,0,0
16.73418354588647,-4.10075961254181,0,0
16.739184796199048,-4.064108024266073,0,0
16.74418604651163,-4.056655491189632,0,0
16.749187296824207,-4.109948414371925,0,0
16.754188547136785,-4.048767214274608,0,0
16.759189797449363,-4.036014922438534,0,0
16.76419104776194,-4.042405959468457,0,0
16.76919229807452,-4.055974695639348,0,0
16.774193548387096,-4.081752644665524,0,0
16.779194798699674,-4.084809309243024,0,0
16.78419604901225,-4.060641614222539,0,0
16.78919729932483,-4.039034641732157,0,0
16.794198549637407,-4.062464267952826,0,0
16.79919979994999,-4.116752022595095,0,0
16.804201050262566,-4.078953512930824,0,0
16.809202300575144,-4.078782482915608,0,0
16.814203550887722,-4.061266860608919,0,0
16.8192048012003,-4.094652003555097,0,0
16.824206051512878,-4.073264021412429,0,0
16.829207301825456,-4.0710365768372885,0,0
16.834208552138033,-4.08291087386005,0,0
16.83920980245061,-4.036081948438429,0,0
16.84421105276319,-4.0648960273153465,0,0
16.849212303075767,-4.055331462993318,0,0
16.854213553388348,-4.096470155081684,0,0
16.859214803700926,-4.071521612032855,0,0
16.864216054013504,-4.140929794757536,0,0
16.86921730432608,-4.03373338535072,0,0
16.87421855463866,-4.093370049936472,0,0
16.879219804951237,-4.063511644011604,0,0
16.884221055263815,-4.122459139031887,0,0
16.889222305576393,-4.037103658119799,0,0
16.89422355588897,-4.125547691248614,0,0
16.89922480620155,-4.112401399076103,0,0
16.90422605651413,-4.098186112109215,0,0
16.909227306826708,-4.09952526168957,0,0
16.914228557139285,-4.123895936050835,0,0
16.919229807451863,-4.103855948765919,0,0
16.92423105776444,-4.057077391955338,0,0
16.92923230807702,-4.089687571523111,0,0
16.934233558389597,-4.060201892598813,0,0
16.939234808702174,-4.064604985863789,0,0
16.944236059014752,-4.098139160012322,0,0
16.94923730932733,-4.089572319716975,0,0
16.954238559639908,-4.095466091834296,0,0
16.95923980995249,-4.128771619278049,0,0
16.964241060265067,-4.100551299890135,0,0
16.969242310577645,-4.087890270864655,0,0
16.974243560890223,-4.117497701478652,0,0
16.9792448112028,-4.10257388344401,0,0
16.98424606151538,-4.144809433237076,0,0
16.989247311827956,-4.078070516421484,0,0
16.994248562140534,-4.1254662920188405,0,0
16.99924981245311,-4.152203718240505,0,0
17.00425106276569,-4.088064921301472,0,0
17.00925231307827,-4.0903301893259485,0,0
17.01425356339085,-4.1124888488402656,0,0
17.019254813703427,-4.102237443619419,0,0
17.024256064016004,-4.102077107657741,0,0
17.029257314328582,-4.12089926518893,0,0
17.03425856464116,-4.114722663593923,0,0
17.039259814953738,-4.122243993024234,0,0
17.044261065266316,-4.075897586014038,0,0
17.049262315578893,-4.130643794728274,0,0
17.05426356589147,-4.180956336429507,0,0
17.05926481620405,-4.135047086713129,0,0
17.06426606651663,-4.074287871243811,0,0
17.069267316829208,-4.155136998912137,0,0
17.074268567141786,-4.170172283284727,0,0
17.079269817454364,-4.140531484745464,0,0
17.08427106776694,-4.076809145543071,0,0
17.08927231807952,-4.168845687182937,0,0
17.094273568392097,-4.135123480568775,0,0
17.099274818704675,-4.206978629834069,0,0
17.104276069017253,-4.142164142810749,0,0
17.10927731932983,-4.1713854547243345,0,0
17.11427856964241,-4.098694609707008,0,0
17.11927981995499,-4.191475556013086,0,0
17.124281070267568,-4.157539004857439,0,0
17.129282320580145,-4.174368919469196,0,0
17.134283570892723,-4.111801129417483,0,0
17.1392848212053,-4.102273192335703,0,0
17.14428607151788,-4.164022969410528,0,0
17.149287321830457,-4.145268914379128,0,0
17.154288572143034,-4.153313625077677,0,0
17.159289822455612,-4.136505981910461,0,0
17.16429107276819,-4.182559294487164,0,0
17.16929232308077,-4.2199658312566495,0,0
17.17429357339335,-4.165982627243169,0,0
17.179294823705927,-4.177568742367266,0,0
17.184296074018505,-4.179962267985866,0,0
17.189297324331083,-4.180837362069021,0,0
17.19429857464366,-4.2020406782776405,0,0
17.19929982495624,-4.150666552162117,0,0
17.204301075268816,-4.158838933533351,0,0
17.209302325581394,-4.1712565545349145,0,0
17.21430357589397,-4.178517138701469,0,0
17.21930482620655,-4.186189975901505,0,0
17.22430607651913,-4.203025679267746,0,0
17.22930732683171,-4.146795514712403,0,0
17.234308577144287,-4.133329919205506,0,0
17.239309827456864,-4.2023205325973745,0,0
17.244311077769442,-4.193446719476116,0,0
17.24931232808202,-4.222556055651672,0,0
17.254313578394598,-4.171580097381262,0,0
17.259314828707176,-4.137013235863482,0,0
17.264316079019753,-4.178348031200805,0,0
17.26931732933233,-4.153929839508924,0,0
17.27431857964491,-4.2524943871928365,0,0
17.27931982995749,-4.249037770202345,0,0
17.284321080270068,-4.143175032224644,0,0
17.289322330582646,-4.216729108893354,0,0
17.294323580895224,-4.202974771133757,0,0
17.2993248312078,-4.205334926746716,0,0
17.30432608152038,-4.136460852231809,0,0
17.309327331832957,-4.211909221758826,0,0
17.314328582145535,-4.230694980250554,0,0
17.319329832458113,-4.1375879399693245,0,0
17.32433108277069,-4.193878760283868,0,0
17.329332333083272,-4.195743982826238,0,0
17.33433358339585,-4.239995030879975,0,0
17.339334833708428,-4.171599676950197,0,0
17.344336084021005,-4.185364715958171,0,0
17.349337334333583,-4.20355625583324,0,0
17.35433858464616,-4.220289995672098,0,0
17.35933983495874,-4.179855560420789,0,0
17.364341085271317,-4.200503143961095,0,0
17.369342335583895,-4.215119418633165,0,0
17.374343585896472,-4.254732070533907,0,0
17.37934483620905,-4.2001293950706,0,0
17.38434608652163,-4.146854654646058,0,0
17.38934733683421,-4.211234944311812,0,0
17.394348587146787,-4.190000088575594,0,0
17.399349837459365,-4.212289515131245,0,0
17.404351087771943,-4.217219555531599,0,0
17.40935233808452,-4.193699398135621,0,0
17.4143535883971,-4.232302080403038,0,0
17.419354838709676,-4.239725885236158,0,0
17.424356089022254,-4.256307718573629,0,0
17.429357339334832,-4.202488461425039,0,0
17.434358589647413,-4.172433009981495,0,0
17.43935983995999,-4.266544937946454,0,0
17.44436109027257,-4.227333243170679,0,0
17.449362340585147,-4.244151482502659,0,0
17.454363590897724,-4.230934140370872,0,0
17.459364841210302,-4.225371140208887,0,0
17.46436609152288,-4.228124801186453,0,0
17.469367341835458,-4.21484411598318,0,0
17.474368592148036,-4.22611301624362,0,0
17.479369842460613,-4.2163076664764345,0,0
17.48437109277319,-4.266603970227418,0,0
17.489372343085773,-4.205586434824394,0,0
17.49437359339835,-4.2503185755315505,0,0
17.499374843710928,-4.2417446910841425,0,0
17.504376094023506,-4.235608102553465,0,0
17.509377344336084,-4.249861748500807,0,0
17.51437859464866,-4.244470987431905,0,0
17.51937984496124,-4.217701134127863,0,0
17.524381095273817,-4.21168593160107,0,0
17.529382345586395,-4.229746237160077,0,0
17.534383595898973,-4.2297259445845725,0,0
17.53938484621155,-4.287004258337448,0,0
17.544386096524132,-4.240214559330786,0,0
17.54938734683671,-4.304448746623216,0,0
17.554388597149288,-4.297252122604439,0,0
17.559389847461865,-4.285240081354534,0,0
17.564391097774443,-4.165714160543656,0,0
17.56939234808702,-4.25949428401732,0,0
17.5743935983996,-4.294463326214062,0,0
17.579394848712177,-4.226269287383278,0,0
17.584396099024755,-4.2273079772888265,0,0
17.589397349337332,-4.249498239840918,0,0
17.594398599649914,-4.240101729969106,0,0
17.59939984996249,-4.289847531348088,0,0
17.60440110027507,-4.230642309316375,0,0
17.609402350587647,-4.308195370215474,0,0
17.614403600900225,-4.285056042402706,0,0
17.619404851212803,-4.2752762924921,0,0
17.62440610152538,-4.310939660274697,0,0
17.62940735183796,-4.287872808021724,0,0
17.634408602150536,-4.2097638677330504,0,0
17.639409852463114,-4.31229172133578,0,0
17.644411102775692,-4.234577358414121,0,0
17.649412353088273,-4.3191583518867205,0,0
17.65441360340085,-4.293621486378518,0,0
17.65941485371343,-4.221557362036477,0,0
17.664416104026007,-4.241101758554153,0,0
17.669417354338584,-4.311339460354966,0,0
17.674418604651162,-4.241082522503885,0,0
17.67941985496374,-4.291581445430943,0,0
17.684421105276318,-4.2523422018536055,0,0
17.689422355588896,-4.26204994982061,0,0
17.694423605901473,-4.278631624606234,0,0
17.699424856214055,-4.282502999720254,0,0
17.704426106526633,-4.298886606997411,0,0
17.70942735683921,-4.235002948915276,0,0
17.71442860715179,-4.296799867226441,0,0
17.719429857464366,-4.317918082291077,0,0
17.724431107776944,-4.276404459240442,0,0
17.72943235808952,-4.321201222460162,0,0
17.7344336084021,-4.296965721575293,0,0
17.739434858714677,-4.282235265945046,0,0
17.744436109027255,-4.306348582043914,0,0
17.749437359339833,-4.32239557200963,0,0
17.754438609652414,-4.296165686662372,0,0
17.759439859964992,-4.301990089132071,0,0
17.76444111027757,-4.311884411261871,0,0
17.769442360590148,-4.326222870527164,0,0
17.774443610902726,-4.276374081282647,0,0
17.779444861215303,-4.2697524376069,0,0
17.78444611152788,-4.3100732323687945,0,0
17.78944736184046,-4.328304183558945,0,0
17.794448612153037,-4.313933330785414,0,0
17.799449862465615,-4.344091698045664,0,0
17.804451112778192,-4.321652783313549,0,0
17.809452363090774,-4.312723589298085,0,0
17.81445361340335,-4.3204716001095855,0,0
17.81945486371593,-4.319990894056947,0,0
17.824456114028507,-4.3279995238199565,0,0
17.829457364341085,-4.270441597225688,0,0
17.834458614653663,-4.334085545508511,0,0
17.83945986496624,-4.342373350828313,0,0
17.84446111527882,-4.25285421929988,0,0
17.849462365591396,-4.379677798082832,0,0
17.854463615903974,-4.284655637713895,0,0
17.859464866216555,-4.333930284341251,0,0
17.864466116529133,-4.281384903653337,0,0
17.86946736684171,-4.257353041283328,0,0
17.87446861715429,-4.292196812437604,0,0
17.879469867466867,-4.34663181054512,0,0
17.884471117779444,-4.346261067799875,0,0
17.889472368092022,-4.366428308177531,0,0
17.8944736184046,-4.322229413545705,0,0
17.899474868717178,-4.297962964758793,0,0
17.904476119029756,-4.354535370080306,0,0
17.909477369342333,-4.26460214398109,0,0
17.914478619654915,-4.347454469688753,0,0
17.919479869967493,-4.393100120428056,0,0
17.92448112028007,-4.30235102114295,0,0
17.92948237059265,-4.318333089107354,0,0
17.934483620905226,-4.313644622889714,0,0
17.939484871217804,-4.380819160557122,0,0
17.94448612153038,-4.338586377588532,0,0
17.94948737184296,-4.3567563735521855,0,0
17.954488622155537,-4.312394439656713,0,0
17.959489872468115,-4.318040801874792,0,0
17.964491122780696,-4.35771494297254,0,0
17.969492373093274,-4.3450580588935885,0,0
17.974493623405852,-4.4083010207626305,0,0
17.97949487371843,-4.363837980567363,0,0
17.984496124031008,-4.355796613649912,0,0
17.989497374343586,-4.341247030449707,0,0
17.994498624656163,-4.324671139271134,0,0
17.99949987496874,-4.389855426779788,0,0
18.00450112528132,-4.361025156195284,0,0
18.009502375593897,-4.301268084391161,0,0
18.014503625906475,-4.312849223477295,0,0
18.019504876219056,-4.3219874951480906,0,0
18.024506126531634,-4.377301066644052,0,0
18.02950737684421,-4.39970059831856,0,0
18.03450862715679,-4.364993790730713,0,0
18.039509877469367,-4.385038156633475,0,0
18.044511127781945,-4.354866709200261,0,0
18.049512378094523,-4.350732272843729,0,0
18.0545136284071,-4.314681422048493,0,0
18.05951487871968,-4.388630350479415,0,0
18.064516129032256,-4.33784696734872,0,0
18.069517379344834,-4.321302279309115,0,0
18.074518629657415,-4.3660370633345265,0,0
18.079519879969993,-4.371593299100899,0,0
18.08452113028257,-4.458535482755078,0,0
18.08952238059515,-4.3590657847338505,0,0
18.094523630907727,-4.3626241584040075,0,0
18.099524881220304,-4.328353319389973,0,0
18.104526131532882,-4.4107112162933575,0,0
18.10952738184546,-4.37834972271054,0,0
18.114528632158038,-4.404814648902545,0,0
18.119529882470616,-4.422885367951329,0,0
18.124531132783197,-4.2772687046663975,0,0
18.129532383095775,-4.396369135453989,0,0
18.134533633408353,-4.332319020214241,0,0
18.13953488372093,-4.469353986133706,0,0
18.14453613403351,-4.371160576161156,0,0
18.149537384346086,-4.412136820220632,0,0
18.154538634658664,-4.3675631741450776,0,0
18.15953988497124,-4.402975556557021,0,0
18.16454113528382,-4.398103720937478,0,0
18.169542385596397,-4.3958712177866275,0,0
18.174543635908975,-4.408895269537844,0,0
18.179544886221557,-4.3871205531059045,0,0
18.184546136534134,-4.383232746450835,0,0
18.189547386846712,-4.367299566419033,0,0
18.19454863715929,-4.398594466489189,0,0
18.199549887471868,-4.401409553942738,0,0
18.204551137784446,-4.403644606077115,0,0
18.209552388097023,-4.410764971206429,0,0
18.2145536384096,-4.449726325575858,0,0
18.21955488872218,-4.433600586707495,0,0
18.224556139034757,-4.396497895375817,0,0
18.229557389347335,-4.38442606992195,0,0
18.234558639659916,-4.412409231479196,0,0
18.239559889972494,-4.389114235352479,0,0
18.24456114028507,-4.46885405017519,0,0
18.24956239059765,-4.3995263135960485,0,0
18.254563640910227,-4.418106793338399,0,0
18.259564891222805,-4.424417846132165,0,0
18.264566141535383,-4.4286795717138725,0,0
18.26956739184796,-4.436766854573631,0,0
18.27456864216054,-4.418527723587247,0,0
18.279569892473116,-4.398005568106261,0,0
18.284571142785698,-4.402788589280571,0,0
18.289572393098275,-4.412963024921677,0,0
18.294573643410853,-4.456075848732484,0,0
18.29957489372343,-4.47192818415901,0,0
18.30457614403601,-4.392376472226557,0,0
18.309577394348587,-4.48134638191846,0,0
18.314578644661164,-4.464904990314628,0,0
18.319579894973742,-4.46258693070182,0,0
18.32458114528632,-4.432789922598136,0,0
18.329582395598898,-4.446576844515617,0,0
18.334583645911476,-4.4476258151966865,0,0
18.339584896224057,-4.477553862227959,0,0
18.344586146536635,-4.513446147424348,0,0
18.349587396849213,-4.4043208804277585,0,0
18.35458864716179,-4.412160799529596,0,0
18.35958989747437,-4.453885163341545,0,0
18.364591147786946,-4.435076441605659,0,0
18.369592398099524,-4.47094664108893,0,0
18.3745936484121,-4.42429181623536,0,0
18.37959489872468,-4.40612302536385,0,0
18.384596149037257,-4.438635923951327,0,0
18.38959739934984,-4.508308364047975,0,0
18.394598649662417,-4.494010792943814,0,0
18.399599899974994,-4.3903941108738485,0,0
18.404601150287572,-4.418009924218513,0,0
18.40960240060015,-4.497908486182105,0,0
18.414603650912728,-4.430494191779288,0,0
18.419604901225306,-4.509538417439587,0,0
18.424606151537883,-4.467065495378841,0,0
18.42960740185046,-4.489157550290899,0,0
18.43460865216304,-4.441970062278696,0,0
18.439609902475617,-4.441803435610174,0,0
18.444611152788198,-4.492828175210079,0,0
18.449612403100776,-4.467122274410023,0,0
18.454613653413354,-4.4386060119016655,0,0
18.45961490372593,-4.402208750773403,0,0
18.46461615403851,-4.455138442866982,0,0
18.469617404351087,-4.449686161456035,0,0
18.474618654663665,-4.498108650865963,0,0
18.479619904976243,-4.477645626284736,0,0
18.48462115528882,-4.411228184284147,0,0
18.4896224056014,-4.458134693170378,0,0
18.494623655913976,-4.4711538700950495,0,0
18.499624906226558,-4.476788679629932,0,0
18.504626156539135,-4.421547789772452,0,0
18.509627406851713,-4.483453126489687,0,0
18.51462865716429,-4.510344834272958,0,0
18.51962990747687,-4.492825877808767,0,0
18.524631157789447,-4.473631131762742,0,0
18.529632408102024,-4.4733962947082775,0,0
18.534633658414602,-4.509071285196901,0,0
18.53963490872718,-4.460555498096783,0,0
18.544636159039758,-4.474053334414957,0,0
18.54963740935234,-4.4542691402239365,0,0
18.554638659664917,-4.480500148107621,0,0
18.559639909977495,-4.537614810257309,0,0
18.564641160290073,-4.519239973828935,0,0
18.56964241060265,-4.47559116350288,0,0
18.57464366091523,-4.528816845965614,0,0
18.579644911227806,-4.496454684316834,0,0
18.584646161540384,-4.530416968376421,0,0
18.58964741185296,-4.503539469477295,0,0
18.59464866216554,-4.432120807003863,0,0
18.599649912478117,-4.56281853400693,0,0
18.6046511627907,-4.481370671958933,0,0
18.609652413103277,-4.452006927821115,0,0
18.614653663415854,-4.511498950182177,0,0
18.619654913728432,-4.481318295581818,0,0
18.62465616404101,-4.484449000638923,0,0
18.629657414353588,-4.512944881865355,0,0
18.634658664666166,-4.535202490375641,0,0
18.639659914978743,-4.548253929608086,0,0
18.64466116529132,-4.497717564749601,0,0
18.6496624156039,-4.47945812672171,0,0
18.65466366591648,-4.522731723550772,0,0
18.659664916229058,-4.544518376607305,0,0
18.664666166541636,-4.497196179508034,0,0
18.669667416854214,-4.533947451385597,0,0
18.67466866716679,-4.522156148749472,0,0
18.67966991747937,-4.495579949746258,0,0
18.684671167791947,-4.5488249587414575,0,0
18.689672418104525,-4.514458619690245,0,0
18.694673668417103,-4.5918240453382735,0,0
18.69967491872968,-4.493935371587757,0,0
18.70467616904226,-4.519598490736866,0,0
18.70967741935484,-4.569344891318657,0,0
18.714678669667418,-4.518522720808475,0,0
18.719679919979995,-4.529996064620557,0,0
18.724681170292573,-4.533100464404915,0,0
18.72968242060515,-4.562371736182575,0,0
18.73468367091773,-4.4899583028948715,0,0
18.739684921230307,-4.561300566717865,0,0
18.744686171542885,-4.53270443500372,0,0
18.749687421855462,-4.5317122265801375,0,0
18.75468867216804,-4.569806679079831,0,0
18.759689922480618,-4.531408228289742,0,0
18.7646911727932,-4.533628933341973,0,0
18.769692423105777,-4.549114119198058,0,0
18.774693673418355,-4.5206613903558,0,0
18.779694923730933,-4.553467125643319,0,0
18.78469617404351,-4.564175475909898,0,0
18.78969742435609,-4.484184606976892,0,0
18.794698674668666,-4.54944242863111,0,0
18.799699924981244,-4.546494990394772,0,0
18.804701175293822,-4.552263645380615,0,0
18.8097024256064,-4.539755795099364,0,0
18.81470367591898,-4.592238638081714,0,0
18.81970492623156,-4.6058091236076635,0,0
18.824706176544137,-4.570702636142296,0,0
18.829707426856714,-4.566143503246747,0,0
18.834708677169292,-4.573576263450638,0,0
18.83970992748187,-4.577432652314857,0,0
18.844711177794448,-4.532075707520098,0,0
18.849712428107026,-4.582751673273164,0,0
18.854713678419603,-4.520110321211911,0,0
18.85971492873218,-4.562373644205755,0,0
18.86471617904476,-4.556479209104403,0,0
18.86971742935734,-4.556792193183093,0,0
18.87471867966992,-4.58588634867441,0,0
18.879719929982496,-4.59215331692229,0,0
18.884721180295074,-4.558023828556318,0,0
18.88972243060765,-4.570742499643009,0,0
18.89472368092023,-4.536244340942758,0,0
18.899724931232807,-4.575927330116794,0,0
18.904726181545385,-4.591306409164423,0,0
18.909727431857963,-4.5918382165493385,0,0
18.91472868217054,-4.574224658009872,0,0
18.919729932483122,-4.573508338959096,0,0
18.9247311827957,-4.59045420267149,0,0
18.929732433108278,-4.566178863934153,0,0
18.934733683420855,-4.533221677494034,0,0
18.939734933733433,-4.572723401346147,0,0
18.94473618404601,-4.600406717039205,0,0
18.94973743435859,-4.593394916789486,0,0
18.954738684671167,-4.598497769572017,0,0
18.959739934983745,-4.640633169493579,0,0
18.964741185296322,-4.597383986556649,0,0
18.9697424356089,-4.575383565871795,0,0
18.97474368592148,-4.607578806684543,0,0
18.97974493623406,-4.629453252411551,0,0
18.984746186546637,-4.623419761020923,0,0
18.989747436859215,-4.546486866115623,0,0
18.994748687171793,-4.580935728525006,0,0
18.99974993748437,-4.62888247333781,0,0
19.00475118779695,-4.585697998153072,0,0
19.009752438109526,-4.625644116072273,0,0
19.014753688422104,-4.581928942242507,0,0
19.019754938734682,-4.650121388979543,0,0
19.02475618904726,-4.59923272902234,0,0
19.02975743935984,-4.586294521215691,0,0
19.03475868967242,-4.576811208396618,0,0
19.039759939984997,-4.6203789760260525,0,0
19.044761190297574,-4.64273035419558,0,0
19.049762440610152,-4.60425701914719,0,0
19.05476369092273,-4.59547885385957,0,0
19.059764941235308,-4.642366265667699,0,0
19.064766191547886,-4.619748016620321,0,0
19.069767441860463,-4.638575459866501,0,0
19.07476869217304,-4.585235267686188,0,0
19.079769942485623,-4.637059425338377,0,0
19.0847711927982,-4.589898361437249,0,0
19.08977244311078,-4.645900668199383,0,0
19.094773693423356,-4.5893936640450566,0,0
19.099774943735934,-4.597186536656669,0,0
19.10477619404851,-4.673730788664059,0,0
19.10977744436109,-4.660736789808198,0,0
19.114778694673667,-4.633079138044659,0,0
19.119779944986245,-4.6695849537652165,0,0
19.124781195298823,-4.66195053086171,0,0
19.1297824456114,-4.634044104700604,0,0
19.134783695923982,-4.6275843045691545,0,0
19.13978494623656,-4.59634039565386,0,0
19.144786196549138,-4.689241820143772,0,0
19.149787446861716,-4.6042153691904,0,0
19.154788697174293,-4.652350495248345,0,0
19.15978994748687,-4.6780115022226685,0,0
19.16479119779945,-4.653228978195359,0,0
19.169792448112027,-4.60218224025074,0,0
19.174793698424605,-4.685846835216013,0,0
19.179794948737182,-4.633722333648876,0,0
19.18479619904976,-4.686153009854506,0,0
19.18979744936234,-4.715970493984313,0,0
19.19479869967492,-4.6343506615311885,0,0
19.199799949987497,-4.653517703335516,0,0
19.204801200300075,-4.608393872285366,0,0
19.209802450612653,-4.659025789465629,0,0
19.21480370092523,-4.708118217139472,0,0
19.21980495123781,-4.621066921665395,0,0
19.224806201550386,-4.642064574265135,0,0
19.229807451862964,-4.659202382008272,0,0
19.234808702175542,-4.642142159284711,0,0
19.239809952488123,-4.621215617071568,0,0
19.2448112028007,-4.632952844764553,0,0
19.24981245311328,-4.70144969513994,0,0
19.254813703425857,-4.675178838889078,0,0
19.259814953738434,-4.657073488737619,0,0
19.264816204051012,-4.667049949423791,0,0
19.26981745436359,-4.664273262727877,0,0
19.274818704676168,-4.673469696450697,0,0
19.279819954988746,-4.716238411965748,0,0
19.284821205301323,-4.651510492515277,0,0
19.2898224556139,-4.676597072395947,0,0
19.294823705926483,-4.720139912244685,0,0
19.29982495623906,-4.6270248013040085,0,0
19.30482620655164,-4.687758130424778,0,0
19.309827456864216,-4.353071763525089,2,0
19.314828707176794,-4.8299845026641535,0,0
19.31982995748937,-4.799598706739257,0,0
19.32483120780195,-4.811800371153057,0,0
19.329832458114527,-4.751653952255964,0,0
19.334833708427105,-4.852558417494934,0,0
19.339834958739683,-4.79330792922141,0,0
19.344836209052264,-4.81554911468768,0,0
19.349837459364842,-4.791931674342778,0,0
19.35483870967742,-4.807797760476421,0,0
19.359839959989998,-4.828890530918554,0,0
19.364841210302576,-4.790579703247063,0,0
19.369842460615153,-4.817466556339084,0,0
19.37484371092773,-4.788170584813552,0,0
19.37984496124031,-4.804036304543604,0,0
19.384846211552887,-4.836940686541259,0,0
19.389847461865465,-4.797752305635366,0,0
19.394848712178042,-4.879517959933568,0,0
19.399849962490624,-4.839283244255936,0,0
19.4048512128032,-4.809837435826219,0,0
19.40985246311578,-4.786221168526739,0,0
19.414853713428357,-4.846951142941716,0,0
19.419854963740935,-4.859228088728553,0,0
19.424856214053513,-4.788269181545319,0,0
19.42985746436609,-4.7905019847172445,0,0
19.43485871467867,-4.816933362249522,0,0
19.439859964991246,-4.828561345610668,0,0
19.444861215303824,-4.857436951437338,0,0
19.449862465616402,-4.819632242831687,0,0
19.454863715928983,-4.857540938078746,0,0
19.45986496624156,-4.88560049799353,0,0
19.46486621655414,-4.91803660915216,0,0
19.469867466866717,-4.822877304646798,0,0
19.474868717179294,-4.833359662907181,0,0
19.479869967491872,-4.911007419530849,0,0
19.48487121780445,-4.868975913010445,0,0
19.489872468117028,-4.875435411662149,0,0
19.494873718429606,-4.880043063754476,0,0
19.499874968742184,-4.89746985359217,0,0
19.504876219054765,-4.840546371670054,0,0
19.509877469367343,-4.857426286128149,0,0
19.51487871967992,-4.872917072501244,0,0
19.5198799699925,-4.939213604307041,0,0
19.524881220305076,-4.8065971857172665,0,0
19.529882470617654,-4.869614724977852,0,0
19.53488372093023,-4.8151105652842645,0,0
19.53988497124281,-4.84877465212486,0,0
19.544886221555387,-4.870846305300924,0,0
19.549887471867965,-4.8777839459281,0,0
19.554888722180543,-4.856547394740247,0,0
19.559889972493124,-4.835169186233624,0,0
19.564891222805702,-4.8850856588016125,0,0
19.56989247311828,-4.8431385947066286,0,0
19.574893723430858,-4.910600577743548,0,0
19.579894973743436,-4.867927073429893,0,0
19.584896224056013,-4.838360303841278,0,0
19.58989747436859,-4.811896932301205,0,0
19.59489872468117,-4.785526189197738,0,0
19.599899974993747,-4.8770597958596165,0,0
19.604901225306325,-4.891482045249116,0,0
19.609902475618906,-4.904961907160028,0,0
19.614903725931484,-4.911305416515345,0,0
19.61990497624406,-4.916008759483543,0,0
19.62490622655664,-4.848503769259259,0,0
19.629907476869217,-4.87119604463254,0,0
19.634908727181795,-4.856988998796204,0,0
19.639909977494373,-4.9027232283463,0,0
19.64491122780695,-4.866296481205124,0,0
19.64991247811953,-4.8755214603148564,0,0
19.654913728432106,-4.860171361985002,0,0
19.659914978744684,-4.888151652538508,0,0
19.664916229057265,-4.8856639150620556,0,0
19.669917479369843,-4.903796003757457,0,0
19.67491872968242,-4.858397437290994,0,0
19.679919979995,-4.8961469426347985,0,0
19.684921230307577,-4.913763409446505,0,0
19.689922480620154,-4.951632299439483,0,0
19.694923730932732,-4.872371586799293,0,0
19.69992498124531,-4.918398777350858,0,0
19.704926231557888,-4.890290321696709,0,0
19.709927481870466,-4.89991466252621,0,0
19.714928732183044,-4.848516263842659,0,0
19.719929982495625,-4.915377107014722,0,0
19.724931232808203,-4.897374666803129,0,0
19.72993248312078,-4.849631462278906,0,0
19.73493373343336,-4.915086970628354,0,0
19.739934983745936,-4.896549392653422,0,0
19.744936234058514,-4.937207189566024,0,0
19.74993748437109,-4.874759858612262,0,0
19.75493873468367,-4.887393830179261,0,0
19.759939984996247,-4.911929070294826,0,0
19.764941235308825,-4.875231553764483,0,0
19.769942485621407,-4.9044079877207905,0,0
19.774943735933984,-4.868219368776227,0,0
19.779944986246562,-4.977161727884805,0,0
19.78494623655914,-4.878793758920285,0,0
19.789947486871718,-4.914204442248472,0,0
19.794948737184296,-4.856133263308422,0,0
19.799949987496873,-4.884136923873214,0,0
19.80495123780945,-4.897834091987603,0,0
19.80995248812203,-4.879471494877008,0,0
19.814953738434607,-4.95340004761737,0,0
19.819954988747185,-4.908322574159759,0,0
19.824956239059766,-4.9060054992535225,0,0
19.829957489372344,-4.977577226771022,0,0
19.83495873968492,-4.925775257004376,0,0
19.8399599899975,-4.892654553118729,0,0
19.844961240310077,-4.911428519645095,0,0
19.849962490622655,-4.929526172487436,0,0
19.854963740935233,-4.895036462196254,0,0
19.85996499124781,-4.930039320413646,0,0
19.86496624156039,-4.912198197305335,0,0
19.869967491872966,-4.976713555855176,0,0
19.874968742185548,-4.923963330529576,0,0
19.879969992498125,-4.9290291508173265,0,0
19.884971242810703,-4.992198277884757,0,0
19.88997249312328,-4.980778286140338,0,0
19.89497374343586,-4.906619064963949,0,0
19.899974993748437,-4.950242486497219,0,0
19.904976244061015,-4.9033337046202154,0,0
19.909977494373592,-4.911515708879586,0,0
19.91497874468617,-4.965843711509583,0,0
19.919979994998748,-4.982367034339848,0,0
19.924981245311326,-4.952070359905803,0,0
19.929982495623907,-4.956296576882925,0,0
19.934983745936485,-4.98044825796367,0,0
19.939984996249063,-4.945470895908955,0,0
19.94498624656164,-4.933805910967285,0,0
19.94998749687422,-4.8941049317164715,0,0
19.954988747186796,-4.9591203890069275,0,0
19.959989997499374,-4.958103256907653,0,0
19.964991247811952,-4.91272919206092,0,0
19.96999249812453,-4.913475504413167,0,0
19.974993748437107,-4.962593769251438,0,0
19.979994998749685,-4.9736766519990585,0,0
19.984996249062267,-4.980817629905303,0,0
19.989997499374844,-4.940538708549714,0,0
19.994998749687422,-4.973015385033873,0,0
20.0,-4.984618407867362,0,0
